state,solution_length,retired_instructions,model_execution_ms,process_wall_seconds,status,host_exit_code,guest_exit_code
12345672121232,11,2055241,89,0.296136,PASS,0,0
12345672123212,11,1664825,71,0.271277,PASS,0,0
12345672321212,11,2021419,85,0.284015,PASS,0,0
12345673131323,11,1958996,84,0.275694,PASS,0,0
12345673132313,11,2022322,87,0.296686,PASS,0,0
12345673231313,11,2149160,89,0.285697,PASS,0,0
12345761111111,11,7856638,323,0.524392,PASS,0,0
12346571111231,11,6495509,274,0.471144,PASS,0,0
12346751113133,11,2292362,97,0.288602,PASS,0,0
12347561112212,11,2132687,91,0.281869,PASS,0,0
12347651111111,11,15141922,757,0.961096,PASS,0,0
12347651122112,11,2324190,99,0.312185,PASS,0,0
12347651133311,11,1939588,84,0.278598,PASS,0,0
12347652111221,11,1322074,56,0.251167,PASS,0,0
12347652123233,11,2366185,107,0.300910,PASS,0,0
12347652123332,11,2960056,123,0.313839,PASS,0,0
12347652223232,11,1602636,68,0.259333,PASS,0,0
12347653111133,11,1495280,66,0.255834,PASS,0,0
12347653132223,11,2052220,87,0.277783,PASS,0,0
12347653132322,11,2209557,99,0.288207,PASS,0,0
12347653332323,11,1832442,79,0.270408,PASS,0,0
12354671111111,11,3394477,144,0.339521,PASS,0,0
12354761112323,11,12285315,501,0.692196,PASS,0,0
12354762121112,11,2075999,92,0.276970,PASS,0,0
12354762121211,11,2306468,97,0.289831,PASS,0,0
12354762311123,11,3105088,134,0.325274,PASS,0,0
12354763131131,11,2032338,97,0.295511,PASS,0,0
12354763133111,11,1856542,79,0.275079,PASS,0,0
12354763211123,11,2746918,117,0.316379,PASS,0,0
12356471113133,11,2849997,119,0.312298,PASS,0,0
12356741133131,11,2363612,100,0.291029,PASS,0,0
12356741313131,11,2423796,102,0.290893,PASS,0,0
12356743113131,11,2313608,97,0.287697,PASS,0,0
12357461111222,11,2954653,123,0.316006,PASS,0,0
12357461113331,11,3127853,133,0.324224,PASS,0,0
12357462211112,11,2643587,111,0.301626,PASS,0,0
12357641113331,11,2396087,108,0.309474,PASS,0,0
12364571112212,11,3206953,183,0.414792,PASS,0,0
12364751112212,11,2920101,123,0.329450,PASS,0,0
12364751113133,11,2456758,108,0.307061,PASS,0,0
12364753311131,11,2015372,85,0.284342,PASS,0,0
12365471111111,11,12171454,498,0.706368,PASS,0,0
12365471211122,11,2091865,92,0.290168,PASS,0,0
12365471313113,11,1410779,68,0.268035,PASS,0,0
12365472223232,11,1484219,64,0.258026,PASS,0,0
12365472321233,11,1562678,67,0.254167,PASS,0,0
12365473232312,11,1371689,59,0.251534,PASS,0,0
12365473332323,11,1767370,88,0.283524,PASS,0,0
12365741113331,11,2973722,125,0.324315,PASS,0,0
12367451123333,11,2859887,119,0.309627,PASS,0,0
12367451132222,11,2564565,107,0.299884,PASS,0,0
12367451213333,11,2283020,98,0.298551,PASS,0,0
12367451312222,11,3660592,153,0.355026,PASS,0,0
12367452113333,11,3355256,141,0.338615,PASS,0,0
12367453112222,11,2608116,112,0.320208,PASS,0,0
12367541112212,11,2648312,111,0.313225,PASS,0,0
12367541113331,11,3412163,144,0.341162,PASS,0,0
12367541331131,11,2054128,93,0.290222,PASS,0,0
12374561121212,11,2540997,106,0.301925,PASS,0,0
12374561211212,11,2123992,91,0.293643,PASS,0,0
12374562111212,11,2816009,122,0.322473,PASS,0,0
12374651111222,11,2796306,119,0.320857,PASS,0,0
12375461111222,11,2976153,131,0.333909,PASS,0,0
12375641113112,11,3864609,193,0.398138,PASS,0,0
12376451111222,11,3476887,151,0.355379,PASS,0,0
12376451113133,11,3135299,131,0.321553,PASS,0,0
12376451221211,11,2260832,105,0.300824,PASS,0,0
12376541112323,11,10446881,458,0.661510,PASS,0,0
12376541232233,11,4404197,182,0.377104,PASS,0,0
12376541322233,11,2332313,103,0.297802,PASS,0,0
12376542121232,11,1994042,90,0.278917,PASS,0,0
12376542123212,11,2017763,93,0.294033,PASS,0,0
12376543133132,11,1897491,83,0.279341,PASS,0,0
12376543133231,11,1792187,81,0.279517,PASS,0,0
12456731132321,11,4086984,171,0.356613,PASS,0,0
12456731233223,11,2468817,113,0.302107,PASS,0,0
12456733223321,11,1782457,81,0.280368,PASS,0,0
12463751231231,11,1962871,85,0.276224,PASS,0,0
12467351131121,11,2363092,103,0.295076,PASS,0,0
12467351231321,11,1889356,84,0.284766,PASS,0,0
12473561132123,11,2388485,100,0.288111,PASS,0,0
12536741112323,11,3280325,138,0.329423,PASS,0,0
12537461332112,11,1915437,82,0.285720,PASS,0,0
12543671111111,11,3928820,163,0.363904,PASS,0,0
12543671211212,11,1682770,74,0.276915,PASS,0,0
12543671331113,11,2335255,99,0.291031,PASS,0,0
12543672121121,11,1505738,64,0.265188,PASS,0,0
12543672321332,11,1535474,66,0.266852,PASS,0,0
12543672322232,11,2151543,91,0.289879,PASS,0,0
12543672331232,11,1439382,65,0.265702,PASS,0,0
12543673111331,11,2268972,100,0.299433,PASS,0,0
12543673221323,11,1552846,66,0.256848,PASS,0,0
12543673231223,11,1479615,64,0.265499,PASS,0,0
12543673233323,11,2778824,116,0.316268,PASS,0,0
12546371221331,11,2314167,97,0.296957,PASS,0,0
12563472131213,11,2237923,94,0.295743,PASS,0,0
12563473131212,11,2655548,112,0.303131,PASS,0,0
12564733323122,11,1474469,64,0.264263,PASS,0,0
12567433232333,11,1958087,83,0.285631,PASS,0,0
12576343212221,11,1741175,74,0.273768,PASS,0,0
12637451132111,11,3354658,140,0.334388,PASS,0,0
12637451332112,11,2150215,91,0.298154,PASS,0,0
12643571321321,11,1602720,68,0.266404,PASS,0,0
12645371131121,11,3657056,153,0.359092,PASS,0,0
12673542331133,11,2618103,110,0.307593,PASS,0,0
12734561112323,11,2400224,101,0.303364,PASS,0,0
12734561322233,11,3381311,141,0.341729,PASS,0,0
12734562313223,11,2972526,125,0.315769,PASS,0,0
12745631111111,11,6945862,285,0.477521,PASS,0,0
12745632111122,11,1760112,78,0.273414,PASS,0,0
12745632212213,11,2215913,94,0.299021,PASS,0,0
12745632222221,11,2064513,87,0.285715,PASS,0,0
12745632232211,11,1490491,64,0.267498,PASS,0,0
12745633131131,11,2039120,88,0.286605,PASS,0,0
12745633313312,11,1397538,60,0.258249,PASS,0,0
12745633313333,11,2533979,109,0.311848,PASS,0,0
12745633323311,11,1473720,121,0.320637,PASS,0,0
12753462231323,11,1749478,74,0.279559,PASS,0,0
12763452322232,11,2386812,100,0.298384,PASS,0,0
12765432121313,11,2834856,125,0.316495,PASS,0,0
12765432222212,11,5359789,225,0.416559,PASS,0,0
12765433121213,11,3058230,135,0.358246,PASS,0,0
12765433331333,11,1730450,86,0.288711,PASS,0,0
13245671321111,11,6952542,298,0.497835,PASS,0,0
13246571111111,11,4150492,190,0.399798,PASS,0,0
13246571112233,11,1970589,85,0.283690,PASS,0,0
13246571113232,11,2963074,133,0.341461,PASS,0,0
13246572321332,11,1736662,74,0.261592,PASS,0,0
13246572331232,11,1558679,74,0.273457,PASS,0,0
13246573221233,11,1636075,71,0.270268,PASS,0,0
13246573321223,11,1739794,74,0.287124,PASS,0,0
13246752133211,11,2269337,100,0.292662,PASS,0,0
13247563212131,11,1999878,85,0.273333,PASS,0,0
13254761322233,11,3448197,148,0.341433,PASS,0,0
13254761323322,11,3161653,135,0.338645,PASS,0,0
13254762321233,11,2331464,98,0.297998,PASS,0,0
13254763323122,11,2621859,121,0.314489,PASS,0,0
13257641112233,11,2862077,123,0.325323,PASS,0,0
13265741112323,11,4354001,205,0.398932,PASS,0,0
13265742131312,11,3534792,160,0.372230,PASS,0,0
13267451122211,11,2710860,128,0.327699,PASS,0,0
13267451311133,11,2243598,107,0.313160,PASS,0,0
13267541111132,11,2188288,99,0.299329,PASS,0,0
13267541232212,11,1490484,72,0.273352,PASS,0,0
13274651112323,11,3091289,142,0.348192,PASS,0,0
13275461112233,11,2626183,119,0.317448,PASS,0,0
13275463213211,11,3410581,161,0.362100,PASS,0,0
13275641112233,11,3190427,169,0.384624,PASS,0,0
13275641112323,11,3050075,133,0.329665,PASS,0,0
13275642131333,11,2253640,101,0.301065,PASS,0,0
13275643212221,11,2086320,92,0.287093,PASS,0,0
13276451113211,11,3101030,131,0.328866,PASS,0,0
13276451233133,11,1766574,75,0.276308,PASS,0,0
13276541133122,11,3180903,134,0.324873,PASS,0,0
13276541213312,11,3985438,185,0.380387,PASS,0,0
13276541321123,11,3340579,154,0.358043,PASS,0,0
13276541322311,11,3631585,174,0.382892,PASS,0,0
13276541323112,11,2708230,122,0.336852,PASS,0,0
13276541323322,11,2822097,121,0.314522,PASS,0,0
13276542323312,11,2008452,86,0.293185,PASS,0,0
13276543323122,11,2351966,107,0.307987,PASS,0,0
13462571111111,11,8426649,351,0.545007,PASS,0,0
13462572213311,11,2318753,98,0.304419,PASS,0,0
13527461211113,11,3024654,126,0.328256,PASS,0,0
13542671231231,11,1611989,69,0.267852,PASS,0,0
13546271213213,11,1926596,82,0.287929,PASS,0,0
13546271231231,11,2452686,111,0.305982,PASS,0,0
13546271321321,11,2320502,109,0.310999,PASS,0,0
13572641122133,11,7401327,338,0.543577,PASS,0,0
13576241312213,11,3811424,176,0.381972,PASS,0,0
13576241321321,11,1443312,71,0.288764,PASS,0,0
13627451332112,11,1892847,152,0.365750,PASS,0,0
13642571221223,11,2189077,95,0.323271,PASS,0,0
13642571223221,11,2022142,100,0.307216,PASS,0,0
13642573221221,11,2560727,124,0.335756,PASS,0,0
13645271221331,11,2138942,103,0.318656,PASS,0,0
13647521111111,11,2470154,121,0.334796,PASS,0,0
13675241112323,11,2448859,119,0.327926,PASS,0,0
13675242331313,11,2247112,119,0.335118,PASS,0,0
13725642332132,11,1715730,83,0.294170,PASS,0,0
13754262123323,11,3943131,185,0.403291,PASS,0,0
13762451321321,11,1747921,86,0.296391,PASS,0,0
13764251211311,11,1796467,87,0.301831,PASS,0,0
13764252323231,11,1563767,80,0.292065,PASS,0,0
13765422121211,11,2011365,159,0.377320,PASS,0,0
14263751131121,11,2509857,108,0.325204,PASS,0,0
14267351321321,11,1656378,79,0.267131,PASS,0,0
14275633323122,11,1550651,77,0.288024,PASS,0,0
14325671111111,11,7922333,362,0.565532,PASS,0,0
14325672112121,11,1767040,83,0.289417,PASS,0,0
14325672231323,11,1574922,77,0.275818,PASS,0,0
14325672323222,11,2283835,105,0.305364,PASS,0,0
14325673123232,11,1601836,78,0.282327,PASS,0,0
14325673232333,11,2299153,106,0.304082,PASS,0,0
14325673311131,11,2182862,98,0.298479,PASS,0,0
14327652131213,11,3538961,214,0.418209,PASS,0,0
14327653121213,11,2809466,120,0.326086,PASS,0,0
14352672212111,11,1880035,83,0.277597,PASS,0,0
14356721112323,11,2335433,101,0.295721,PASS,0,0
14356721322233,11,3218154,134,0.333311,PASS,0,0
14367252322232,11,2389170,107,0.305144,PASS,0,0
14367523311113,11,2882105,127,0.321427,PASS,0,0
14523672121313,11,3463039,153,0.345568,PASS,0,0
14523673121312,11,2607781,119,0.311643,PASS,0,0
14527631121311,11,3473125,145,0.337252,PASS,0,0
14527631131211,11,3454952,157,0.368665,PASS,0,0
14527631133311,11,1925021,82,0.281740,PASS,0,0
14527631211131,11,1578579,74,0.280462,PASS,0,0
14527631311121,11,2743601,117,0.315427,PASS,0,0
14527632122213,11,3093294,132,0.328003,PASS,0,0
14527632212111,11,1540128,67,0.259531,PASS,0,0
14527632333332,11,2176509,93,0.292996,PASS,0,0
14527633132322,11,2178068,92,0.290212,PASS,0,0
14527633312133,11,2158014,94,0.293314,PASS,0,0
14536273311311,11,1888013,81,0.285468,PASS,0,0
14537622231323,11,2686375,112,0.315217,PASS,0,0
14563272323222,11,1287737,55,0.256770,PASS,0,0
14567231312213,11,5012872,209,0.403462,PASS,0,0
14567231321123,11,2171392,92,0.284849,PASS,0,0
14573261333111,11,2439477,103,0.299648,PASS,0,0
14625731111111,11,4257051,188,0.392802,PASS,0,0
14625731131121,11,3045045,131,0.317377,PASS,0,0
14625731322233,11,2164884,95,0.290425,PASS,0,0
14625732112121,11,1753786,77,0.270193,PASS,0,0
14625732113321,11,3673651,156,0.353362,PASS,0,0
14625732213323,11,2472879,105,0.305764,PASS,0,0
14625732233111,11,2205883,93,0.298844,PASS,0,0
14625733133111,11,1645542,71,0.263177,PASS,0,0
14632571111111,11,8786871,361,0.565339,PASS,0,0
14632571321132,11,2077943,88,0.284115,PASS,0,0
14652733321331,11,1293277,60,0.272544,PASS,0,0
14673251111111,11,4341003,183,0.372159,PASS,0,0
14723651111213,11,2463922,106,0.303881,PASS,0,0
14723651111312,11,3005928,125,0.315930,PASS,0,0
14723651112131,11,3345145,143,0.343604,PASS,0,0
14723651113121,11,3018917,127,0.326505,PASS,0,0
14723651211212,11,1706370,73,0.270388,PASS,0,0
14723652322121,11,2000629,90,0.284213,PASS,0,0
14723652331232,11,2030901,90,0.283156,PASS,0,0
14723653232222,11,1751593,75,0.266110,PASS,0,0
14723653313111,11,1350585,58,0.249775,PASS,0,0
14723653321313,11,2721766,122,0.318384,PASS,0,0
14725361111111,11,2614099,110,0.297743,PASS,0,0
14725361111123,11,2655921,120,0.323903,PASS,0,0
14725361322332,11,1754468,84,0.285748,PASS,0,0
14725362211121,11,1898173,87,0.282337,PASS,0,0
14725363211213,11,2469704,114,0.322874,PASS,0,0
14725363213121,11,1728862,81,0.288944,PASS,0,0
14725363223213,11,2273224,104,0.305051,PASS,0,0
14725363311113,11,1958995,91,0.295946,PASS,0,0
14726531223122,11,3215876,149,0.362459,PASS,0,0
14726531232122,11,2639475,117,0.317777,PASS,0,0
14726531233313,11,2138408,93,0.289224,PASS,0,0
14726531333312,11,2131853,93,0.289450,PASS,0,0
14726532232313,11,1828561,84,0.289128,PASS,0,0
14726533323122,11,1616318,74,0.264998,PASS,0,0
14735621221112,11,2498801,105,0.298802,PASS,0,0
14735621223113,11,2380431,108,0.301222,PASS,0,0
14735621223332,11,3470577,144,0.351005,PASS,0,0
14735621233112,11,2733214,114,0.317557,PASS,0,0
14735621323112,11,2868525,123,0.325774,PASS,0,0
14735621332112,11,1930140,82,0.282495,PASS,0,0
14735621333111,11,2398568,101,0.296208,PASS,0,0
14735621333222,11,2146386,91,0.288861,PASS,0,0
14736251111132,11,2043057,87,0.283395,PASS,0,0
14736251112332,11,2382273,100,0.302984,PASS,0,0
14736253222223,11,1770802,76,0.266773,PASS,0,0
14736521132222,11,1561471,68,0.256902,PASS,0,0
14736521133131,11,1377328,59,0.251340,PASS,0,0
14736521211212,11,1535210,67,0.259054,PASS,0,0
14736521213333,11,1723801,74,0.261261,PASS,0,0
14736521221313,11,2781779,117,0.317202,PASS,0,0
14736521321231,11,3258472,136,0.335564,PASS,0,0
14736521322233,11,2658624,111,0.308857,PASS,0,0
14736521332121,11,2767481,116,0.318535,PASS,0,0
14736523112222,11,1558027,69,0.270171,PASS,0,0
14736523113131,11,1354221,66,0.266253,PASS,0,0
14752363222121,11,2215330,102,0.303338,PASS,0,0
14752363232222,11,2274648,108,0.314574,PASS,0,0
14752363233131,11,1862299,86,0.290189,PASS,0,0
14752631111111,11,3304653,146,0.342434,PASS,0,0
14752631112311,11,2965036,134,0.332092,PASS,0,0
14752631323223,11,2611337,111,0.305559,PASS,0,0
14752632332132,11,1640545,76,0.286928,PASS,0,0
14752633213223,11,1954478,85,0.283657,PASS,0,0
14752633222223,11,2773883,120,0.311977,PASS,0,0
14752633223123,11,2660003,116,0.317221,PASS,0,0
14752633223231,11,2140053,95,0.289254,PASS,0,0
14753261221112,11,2087034,89,0.283147,PASS,0,0
14753261323112,11,3791818,165,0.365936,PASS,0,0
14753261333111,11,2167109,100,0.301501,PASS,0,0
14762351221331,11,2347015,101,0.302460,PASS,0,0
14762351321231,11,3885737,165,0.365743,PASS,0,0
14762351331221,11,2109876,91,0.294023,PASS,0,0
14763251221223,11,2521509,111,0.304418,PASS,0,0
14763251222312,11,2832270,123,0.314827,PASS,0,0
14763251332331,11,2344083,114,0.342263,PASS,0,0
14763251333123,11,1731512,75,0.269366,PASS,0,0
14763252322121,11,1785461,81,0.265186,PASS,0,0
14763253132232,11,1459029,63,0.252337,PASS,0,0
14763253133132,11,1436121,63,0.252871,PASS,0,0
14763253133222,11,1668253,72,0.251944,PASS,0,0
14763253133231,11,1522313,70,0.256023,PASS,0,0
14763253221221,11,2287258,99,0.294533,PASS,0,0
14763253222112,11,3165546,132,0.313514,PASS,0,0
14763521113211,11,2099980,94,0.288083,PASS,0,0
14763521113223,11,2402988,102,0.293802,PASS,0,0
14763523222331,11,2039688,94,0.288394,PASS,0,0
14765231111213,11,2958405,125,0.314849,PASS,0,0
14765231111312,11,2987450,125,0.306557,PASS,0,0
14765231112131,11,3451493,148,0.336756,PASS,0,0
14765231113121,11,3100581,131,0.327732,PASS,0,0
14765231133131,11,1585067,67,0.251310,PASS,0,0
14765232211211,11,1699686,73,0.262651,PASS,0,0
14765232232322,11,1378298,59,0.243335,PASS,0,0
14765232331313,11,2122039,91,0.282540,PASS,0,0
14765233113131,11,1506158,66,0.249163,PASS,0,0
14765233323332,11,1843604,80,0.271423,PASS,0,0
15236471111111,11,7113417,294,0.477121,PASS,0,0
15236473231121,11,2391525,104,0.288013,PASS,0,0
15243671331221,11,2274562,100,0.293946,PASS,0,0
15246371331332,11,2163507,93,0.282370,PASS,0,0
15246371332331,11,2063561,92,0.301328,PASS,0,0
15246372331331,11,2082463,92,0.278654,PASS,0,0
15267431223113,11,1800020,77,0.258516,PASS,0,0
15273641112323,11,5672787,243,0.440844,PASS,0,0
15324673113311,11,3238653,139,0.332133,PASS,0,0
15342671211311,11,2798591,118,0.310304,PASS,0,0
15346271321321,11,1682812,75,0.257778,PASS,0,0
15367421211113,11,3476584,147,0.329191,PASS,0,0
15367421223113,11,2284778,98,0.282763,PASS,0,0
15367423211123,11,2535707,108,0.298696,PASS,0,0
15426371111111,11,2214339,94,0.284376,PASS,0,0
15426371112233,11,2092209,91,0.287792,PASS,0,0
15463271313113,11,1958631,84,0.264522,PASS,0,0
15624732123212,11,2329787,165,0.351751,PASS,0,0
15624732133313,11,2787177,123,0.307666,PASS,0,0
15624732333332,11,1852838,79,0.271334,PASS,0,0
15627431223113,11,1971284,85,0.276399,PASS,0,0
15627431322113,11,3155558,135,0.315395,PASS,0,0
15627431332112,11,2018476,87,0.277575,PASS,0,0
15634722123332,11,2485441,107,0.286008,PASS,0,0
15634722321233,11,2843486,124,0.317342,PASS,0,0
15637423211123,11,2363569,100,0.290550,PASS,0,0
15642371111111,11,5495130,233,0.425150,PASS,0,0
15642372213311,11,2922177,125,0.316106,PASS,0,0
15642372231332,11,1423494,61,0.255162,PASS,0,0
15642372331322,11,1336824,58,0.244945,PASS,0,0
15642373212311,11,2245792,95,0.286344,PASS,0,0
15642373221323,11,1489609,69,0.259766,PASS,0,0
15642373231223,11,1680190,76,0.267540,PASS,0,0
15643271221331,11,2164437,93,0.283359,PASS,0,0
15643271331221,11,2229249,94,0.297777,PASS,0,0
15643273223111,11,2020885,87,0.287982,PASS,0,0
15647233213232,11,1688163,75,0.265960,PASS,0,0
15672341113232,11,3569180,148,0.337018,PASS,0,0
15672341323112,11,2498672,107,0.304381,PASS,0,0
15672342323312,11,2800389,117,0.309569,PASS,0,0
15672343213232,11,2003201,87,0.276212,PASS,0,0
15672433312133,11,2290572,97,0.301647,PASS,0,0
15724362212132,11,1491462,64,0.264236,PASS,0,0
15724631111111,11,2305418,102,0.288327,PASS,0,0
15724631211311,11,2221718,95,0.281851,PASS,0,0
15724631322233,11,3700000,156,0.339723,PASS,0,0
15724632123233,11,2414164,104,0.291905,PASS,0,0
15724632313223,11,3020004,126,0.311705,PASS,0,0
15724632323231,11,2730978,115,0.303233,PASS,0,0
15724632323333,11,2472183,104,0.289510,PASS,0,0
15724633132322,11,1924684,83,0.266638,PASS,0,0
15734622331223,11,1406045,62,0.247351,PASS,0,0
15746321111111,11,3151227,132,0.323530,PASS,0,0
15746321323211,11,3447133,143,0.328451,PASS,0,0
15746322313112,11,2896286,124,0.308893,PASS,0,0
15762342122213,11,4487272,190,0.370135,PASS,0,0
15763241111111,11,2621972,114,0.297791,PASS,0,0
15763242323132,11,1941253,84,0.273474,PASS,0,0
16243571132132,11,1781183,78,0.258171,PASS,0,0
16243571231231,11,2255838,97,0.288889,PASS,0,0
16243571321321,11,2041505,87,0.269912,PASS,0,0
16245371231231,11,1833918,80,0.270379,PASS,0,0
16254733312223,11,3815770,159,0.335122,PASS,0,0
16257431132111,11,2966035,125,0.306436,PASS,0,0
16257433223123,11,1697833,74,0.265816,PASS,0,0
16273541122133,11,2689919,112,0.298458,PASS,0,0
16273541321321,11,1783069,79,0.271586,PASS,0,0
16275341312213,11,7162498,297,0.475301,PASS,0,0
16275343122221,11,1900764,81,0.263290,PASS,0,0
16327453232333,11,2250381,101,0.295392,PASS,0,0
16342571331221,11,2255652,102,0.292759,PASS,0,0
16345271111111,11,6425106,274,0.456256,PASS,0,0
16345271133131,11,1666179,71,0.269274,PASS,0,0
16345271222111,11,2405556,107,0.294490,PASS,0,0
16345272322232,11,2253449,95,0.301266,PASS,0,0
16345272333212,11,1503501,64,0.253797,PASS,0,0
16345273122323,11,1893961,85,0.275389,PASS,0,0
16345273233323,11,3337129,143,0.334035,PASS,0,0
16347252131312,11,4017436,167,0.397477,PASS,0,0
16347253121312,11,3071581,134,0.328613,PASS,0,0
16357421223113,11,1976895,84,0.278165,PASS,0,0
16374521112323,11,3947345,166,0.362992,PASS,0,0
16374523211123,11,2064999,90,0.277619,PASS,0,0
16423572112121,11,1767375,79,0.265728,PASS,0,0
16427531211311,11,3057631,131,0.321560,PASS,0,0
16427531231321,11,2514685,106,0.297835,PASS,0,0
16427532333233,11,3331447,140,0.344498,PASS,0,0
16453271111111,11,2788310,120,0.312844,PASS,0,0
16453271211113,11,2812666,119,0.301592,PASS,0,0
16453272111131,11,1953330,88,0.282842,PASS,0,0
16475233132313,11,1980407,86,0.276182,PASS,0,0
16523473332323,11,2138658,95,0.291897,PASS,0,0
16523741112212,11,2113765,93,0.279283,PASS,0,0
16524731112212,11,2302862,100,0.290391,PASS,0,0
16524731112233,11,3460891,159,0.339493,PASS,0,0
16524731113133,11,2202457,93,0.284498,PASS,0,0
16527341111111,11,3572115,151,0.342387,PASS,0,0
16527431123333,11,3624436,156,0.338709,PASS,0,0
16527431222132,11,2876109,123,0.315227,PASS,0,0
16527431312222,11,3323035,144,0.335738,PASS,0,0
16527431333213,11,2504625,109,0.295064,PASS,0,0
16527432113333,11,2332444,98,0.289087,PASS,0,0
16527432211322,11,1815035,80,0.267582,PASS,0,0
16527432231122,11,1615914,70,0.252173,PASS,0,0
16527432231332,11,1709705,74,0.263032,PASS,0,0
16527432331322,11,1671619,77,0.257967,PASS,0,0
16527432333113,11,2603470,111,0.307607,PASS,0,0
16527433312133,11,1609547,71,0.251395,PASS,0,0
16532471111222,11,1990232,85,0.277357,PASS,0,0
16534271111111,11,5601865,232,0.415794,PASS,0,0
16534271111132,11,1685999,77,0.276535,PASS,0,0
16534273211111,11,2157325,96,0.284381,PASS,0,0
16534723211123,11,3294242,146,0.332378,PASS,0,0
16537421111222,11,2349242,102,0.307869,PASS,0,0
16537421113322,11,2437119,105,0.284879,PASS,0,0
16537421113331,11,2398475,104,0.282080,PASS,0,0
16537421223113,11,1915036,83,0.271891,PASS,0,0
16537421233112,11,3173398,133,0.328543,PASS,0,0
16537421332112,11,1922483,86,0.278803,PASS,0,0
16542371221331,11,1768640,77,0.265649,PASS,0,0
16542371331221,11,2127082,90,0.279403,PASS,0,0
16542372112331,11,2088526,88,0.274942,PASS,0,0
16543271221223,11,2808487,123,0.316399,PASS,0,0
16543271223221,11,2040001,87,0.281787,PASS,0,0
16543271331332,11,2280483,97,0.285636,PASS,0,0
16543271332331,11,2514325,109,0.296747,PASS,0,0
16543272331331,11,2082620,91,0.275004,PASS,0,0
16543273221221,11,2183672,93,0.270921,PASS,0,0
16543721111111,11,2477020,107,0.298584,PASS,0,0
16543721113211,11,1856975,85,0.267360,PASS,0,0
16547233332323,11,2705518,118,0.309958,PASS,0,0
16547321113331,11,2018066,92,0.274168,PASS,0,0
16572431111111,11,2641870,111,0.296342,PASS,0,0
16572433213223,11,1771087,75,0.265759,PASS,0,0
16573241123123,11,1691710,73,0.271142,PASS,0,0
16573241312312,11,1620153,71,0.263084,PASS,0,0
16574231113133,11,2515098,108,0.296063,PASS,0,0
16723451122133,11,2443883,104,0.299740,PASS,0,0
16723451322311,11,2109315,91,0.283450,PASS,0,0
16725431121311,11,3738948,158,0.345341,PASS,0,0
16725431131211,11,3124058,138,0.332903,PASS,0,0
16725431211122,11,2220376,95,0.287892,PASS,0,0
16725431211131,11,2573668,110,0.297458,PASS,0,0
16725431311121,11,1450988,63,0.252710,PASS,0,0
16725432211121,11,2284357,99,0.291449,PASS,0,0
16725432232223,11,1708659,76,0.267818,PASS,0,0
16725433113311,11,1328064,59,0.249218,PASS,0,0
16725433122212,11,2712104,114,0.303862,PASS,0,0
16725433333232,11,1462522,65,0.250798,PASS,0,0
16735242122213,11,3469901,147,0.332888,PASS,0,0
16742352232313,11,2527628,109,0.308236,PASS,0,0
16743252323222,11,1409547,76,0.269142,PASS,0,0
16745232121313,11,3365209,179,0.383674,PASS,0,0
16745232122222,11,4084681,176,0.362621,PASS,0,0
16745233121213,11,2502162,109,0.295890,PASS,0,0
16745233333313,11,3399502,146,0.330292,PASS,0,0
16753241221112,11,2543848,110,0.296476,PASS,0,0
17246351111111,11,7595404,325,0.532548,PASS,0,0
17265433111313,11,3435764,147,0.328473,PASS,0,0
17324561211323,11,3417303,148,0.331305,PASS,0,0
17324561232332,11,1510616,66,0.250456,PASS,0,0
17326452212111,11,2857852,123,0.304910,PASS,0,0
17356241212313,11,2736322,120,0.299620,PASS,0,0
17356242211331,11,2638338,116,0.296498,PASS,0,0
17362451211311,11,2442590,107,0.290047,PASS,0,0
17362451231321,11,1896428,84,0.274734,PASS,0,0
17362452213311,11,2659971,114,0.294643,PASS,0,0
17364251231231,11,2040169,90,0.273287,PASS,0,0
17423653213232,11,1881443,82,0.274016,PASS,0,0
17425631122112,11,1970210,87,0.273447,PASS,0,0
17425631223113,11,2043328,89,0.268348,PASS,0,0
17425631313113,11,2362340,103,0.285973,PASS,0,0
17425631322113,11,3411175,146,0.332374,PASS,0,0
17425631322332,11,3933646,167,0.352651,PASS,0,0
17425631323112,11,3344572,253,0.447700,PASS,0,0
17425631323223,11,2680012,135,0.342811,PASS,0,0
17425631332112,11,1871335,95,0.302033,PASS,0,0
17426531112233,11,2294240,118,0.330787,PASS,0,0
17426531121212,11,2165561,111,0.313250,PASS,0,0
17426531132312,11,3687793,184,0.386311,PASS,0,0
17426531213123,11,5221124,263,0.464798,PASS,0,0
17426531223221,11,1845699,98,0.298004,PASS,0,0
17426531232233,11,3786599,187,0.391868,PASS,0,0
17426531313131,11,2332495,118,0.357966,PASS,0,0
17426531331332,11,1987452,103,0.319059,PASS,0,0
17426532121211,11,1866996,92,0.318748,PASS,0,0
17426532331331,11,1779838,92,0.318570,PASS,0,0
17435622211133,11,3215281,166,0.393060,PASS,0,0
17435623211123,11,3616765,184,0.395463,PASS,0,0
17436521323232,11,3127392,166,0.485854,PASS,0,0
17452363213232,11,2130051,105,0.332541,PASS,0,0
17452363322132,11,1656485,82,0.300355,PASS,0,0
17452633213232,11,1352230,69,0.293534,PASS,0,0
17453262211133,11,2770770,136,0.352749,PASS,0,0
17462352213311,11,2949609,149,0.363092,PASS,0,0
17463251122112,11,2590783,130,0.346106,PASS,0,0
17463251221331,11,1860034,97,0.315301,PASS,0,0
17463251313113,11,2677028,139,0.352634,PASS,0,0
17463251321231,11,2891843,151,0.378086,PASS,0,0
17463251323112,11,3127811,155,0.372318,PASS,0,0
17463251331221,11,1717017,86,0.292143,PASS,0,0
17526431131121,11,1951181,105,0.326162,PASS,0,0
17526431231321,11,2216262,116,0.339670,PASS,0,0
17526432123233,11,2642887,169,0.395394,PASS,0,0
17543261111111,11,6431374,318,0.540637,PASS,0,0
17543261132111,11,1823437,99,0.314503,PASS,0,0
17642531111111,11,2574637,136,0.362992,PASS,0,0
17642531112233,11,2671948,143,0.367019,PASS,0,0
17642533312211,11,1500006,84,0.312716,PASS,0,0
17643251122112,11,2107077,114,0.331443,PASS,0,0
21345671111111,11,8323449,402,0.616789,PASS,0,0
21345762223322,11,2873080,143,0.357480,PASS,0,0
21345762312323,11,3175816,162,0.382133,PASS,0,0
21345762313223,11,2779212,144,0.372262,PASS,0,0
21345763332233,11,2194782,112,0.332767,PASS,0,0
21346752313322,11,2943417,149,0.372782,PASS,0,0
21347562312323,11,4789347,307,0.535201,PASS,0,0
21354671122112,11,1418428,81,0.307132,PASS,0,0
21354671131313,11,1687415,97,0.314346,PASS,0,0
21354671221112,11,1465234,80,0.336199,PASS,0,0
21354672311123,11,2777658,147,0.364348,PASS,0,0
21354672311132,11,2956835,153,0.386549,PASS,0,0
21354672313211,11,7739422,382,0.614619,PASS,0,0
21354673131113,11,1940829,87,0.291535,PASS,0,0
21354761112233,11,3662650,162,0.355935,PASS,0,0
21354761112311,11,2904538,124,0.307759,PASS,0,0
21354761113211,11,2767954,119,0.313936,PASS,0,0
21354761113322,11,2998971,131,0.315853,PASS,0,0
21354761122211,11,2325740,100,0.287107,PASS,0,0
21354761133311,11,2316051,111,0.308126,PASS,0,0
21354762213311,11,3895393,165,0.346214,PASS,0,0
21354763312211,11,3018998,133,0.340411,PASS,0,0
21357462311111,11,3073488,134,0.330406,PASS,0,0
21357463213331,11,1734060,74,0.254506,PASS,0,0
21357642221132,11,2299067,101,0.292196,PASS,0,0
21364752311111,11,2855297,121,0.308960,PASS,0,0
21364753212212,11,1415989,61,0.244903,PASS,0,0
21365742221312,11,2375240,104,0.301901,PASS,0,0
21365742312323,11,3701048,160,0.343799,PASS,0,0
21367451311331,11,2055129,89,0.284978,PASS,0,0
21367452112112,11,2201848,93,0.284394,PASS,0,0
21374653333121,11,2157031,93,0.278057,PASS,0,0
21375462312233,11,2343445,100,0.290051,PASS,0,0
21375463333211,11,4199162,176,0.358883,PASS,0,0
21376541111123,11,3261214,139,0.333543,PASS,0,0
21376541112311,11,2986672,128,0.319666,PASS,0,0
21376541122211,11,2520604,108,0.293792,PASS,0,0
21376541131133,11,2446998,107,0.299061,PASS,0,0
21457631321123,11,4048362,257,0.438260,PASS,0,0
21473563331312,11,1926518,82,0.266114,PASS,0,0
21536742222131,11,2168610,98,0.287904,PASS,0,0
21654372231323,11,2190364,93,0.353165,PASS,0,0
21654372233321,11,2352876,101,0.284660,PASS,0,0
21654373332122,11,1815814,80,0.268119,PASS,0,0
21654373332221,11,2012823,85,0.269688,PASS,0,0
21734652123131,11,2410761,105,0.296853,PASS,0,0
23147562123131,11,2835405,118,0.301008,PASS,0,0
23147651112323,11,2187409,94,0.292399,PASS,0,0
23147652312323,11,1916996,83,0.273260,PASS,0,0
23156471222132,11,1812097,83,0.271106,PASS,0,0
23156471333132,11,2367110,103,0.283309,PASS,0,0
23156473323332,11,1552061,68,0.253452,PASS,0,0
23157461231333,11,2148393,101,0.283828,PASS,0,0
23157462131123,11,2692250,113,0.296760,PASS,0,0
23164573213133,11,1196711,56,0.246325,PASS,0,0
23164752131312,11,2320924,102,0.285999,PASS,0,0
23164753333313,11,2177777,95,0.285723,PASS,0,0
23165471111111,11,4176668,176,0.369012,PASS,0,0
23165471311133,11,1708676,75,0.256726,PASS,0,0
23165471312132,11,2435822,105,0.295863,PASS,0,0
23165472111122,11,1819898,78,0.257977,PASS,0,0
23165472111332,11,2080511,90,0.275479,PASS,0,0
23165472132332,11,3240325,137,0.327839,PASS,0,0
23165472311111,11,4146158,177,0.354927,PASS,0,0
23165473233221,11,3259824,140,0.330775,PASS,0,0
23165741112323,11,2833186,127,0.319196,PASS,0,0
23165741231312,11,2386957,102,0.289545,PASS,0,0
23165742123131,11,2444618,106,0.304328,PASS,0,0
23165742131321,11,3017888,126,0.304240,PASS,0,0
23165742131333,11,3559417,155,0.357658,PASS,0,0
23165742312323,11,3499406,151,0.342073,PASS,0,0
23165743331312,11,4228839,181,0.367792,PASS,0,0
23167541233322,11,1986102,88,0.274843,PASS,0,0
23167542131222,11,4113979,176,0.368579,PASS,0,0
23174652123131,11,2823279,118,0.304416,PASS,0,0
23175463211222,11,1436876,63,0.252078,PASS,0,0
23176452132221,11,2123995,90,0.272649,PASS,0,0
23176453332233,11,2427941,104,0.286564,PASS,0,0
23416752121211,11,2258993,97,0.295859,PASS,0,0
23417563232123,11,2365421,100,0.281974,PASS,0,0
23456173212332,11,1815183,80,0.273824,PASS,0,0
23456173233122,11,2300814,97,0.280363,PASS,0,0
23456713212332,11,1721638,76,0.264255,PASS,0,0
23475162121112,11,2276754,99,0.277942,PASS,0,0
23517462131333,11,2709405,116,0.307517,PASS,0,0
23576412233321,11,1604177,70,0.252001,PASS,0,0
23576412312323,11,2088130,93,0.272084,PASS,0,0
23657142121112,11,2272145,100,0.295806,PASS,0,0
23671452122333,11,3406616,150,0.329483,PASS,0,0
23674153232321,11,1903699,84,0.273730,PASS,0,0
23751461132123,11,3309908,142,0.331703,PASS,0,0
23751463112321,11,2934759,123,0.311745,PASS,0,0
23756143222331,11,1868914,86,0.282430,PASS,0,0
23756411222312,11,1820628,79,0.262704,PASS,0,0
23756413222112,11,1895183,82,0.271485,PASS,0,0
23756413223312,11,2144074,91,0.269647,PASS,0,0
23756413322312,11,2206409,96,0.283636,PASS,0,0
24153672321233,11,1975834,88,0.277995,PASS,0,0
24157361313212,11,2853523,127,0.315843,PASS,0,0
24157362323111,11,3503468,149,0.343100,PASS,0,0
24167353132232,11,3318219,147,0.327785,PASS,0,0
24173652323231,11,1972644,85,0.273481,PASS,0,0
24315673311311,11,2886548,121,0.310249,PASS,0,0
24315761122322,11,2717906,120,0.301429,PASS,0,0
24315762213323,11,6952902,290,0.472663,PASS,0,0
24351671212211,11,2756250,119,0.309273,PASS,0,0
24351673111133,11,3218482,136,0.316046,PASS,0,0
24351673311311,11,3162340,135,0.331746,PASS,0,0
24351761111123,11,5759038,244,0.432434,PASS,0,0
24351761212232,11,1654517,72,0.254610,PASS,0,0
24367511323112,11,2547645,111,0.300138,PASS,0,0
24367513111121,11,2216308,95,0.285404,PASS,0,0
24376512222122,11,2476195,110,0.295553,PASS,0,0
24516732233111,11,2498644,108,0.301181,PASS,0,0
24531673123121,11,2051727,88,0.272172,PASS,0,0
24536713231232,11,1502252,66,0.263389,PASS,0,0
24537613231322,11,3190944,133,0.328872,PASS,0,0
24561372111131,11,5817071,243,0.429291,PASS,0,0
24563711121212,11,2178788,92,0.303470,PASS,0,0
24563712121232,11,2714660,116,0.301373,PASS,0,0
24563713121222,11,2698389,114,0.296655,PASS,0,0
24571362221213,11,4150395,177,0.365541,PASS,0,0
24571631121212,11,2178002,94,0.284629,PASS,0,0
24615371112332,11,2065832,93,0.277410,PASS,0,0
24615372213311,11,5161915,218,0.407176,PASS,0,0
24615731122313,11,3184482,136,0.327177,PASS,0,0
24615731132333,11,4117909,179,0.364731,PASS,0,0
24615732111323,11,3733298,161,0.357026,PASS,0,0
24615732213311,11,2680920,116,0.302047,PASS,0,0
24615732233321,11,3070973,132,0.309817,PASS,0,0
24615733113323,11,4070953,174,0.359779,PASS,0,0
24615733311122,11,3218622,139,0.327804,PASS,0,0
24617532233321,11,3588410,149,0.329525,PASS,0,0
24637512311132,11,3010666,129,0.319703,PASS,0,0
24651731113223,11,2135078,93,0.285072,PASS,0,0
24651731333333,11,2015423,87,0.269825,PASS,0,0
24715363311332,11,1432155,62,0.249485,PASS,0,0
24715631111111,11,3505512,154,0.337979,PASS,0,0
24715631122121,11,2002914,89,0.285428,PASS,0,0
24715631122133,11,3251461,136,0.312636,PASS,0,0
24715632313223,11,2329875,102,0.284743,PASS,0,0
24715633112111,11,2483994,106,0.286079,PASS,0,0
24715633131131,11,1801276,77,0.267498,PASS,0,0
24716532323231,11,2469455,106,0.294523,PASS,0,0
24731561111111,11,8899369,379,0.558913,PASS,0,0
24731562311231,11,2352617,101,0.278687,PASS,0,0
24736512222332,11,2948140,126,0.319048,PASS,0,0
24751362221231,11,3794515,161,0.350040,PASS,0,0
24751362321113,11,2989508,128,0.309490,PASS,0,0
24761531221223,11,2399239,105,0.297577,PASS,0,0
24763151111111,11,3750724,156,0.339202,PASS,0,0
24765313222112,11,2883373,126,0.309008,PASS,0,0
25134672233321,11,1965461,87,0.277440,PASS,0,0
25134672312323,11,1710920,76,0.253884,PASS,0,0
25134672313211,11,8895410,376,0.567213,PASS,0,0
25137461111111,11,7087026,308,0.500813,PASS,0,0
25137461211323,11,1663208,73,0.281420,PASS,0,0
25163741112323,11,5333715,226,0.413877,PASS,0,0
25314673111313,11,3767280,171,0.352090,PASS,0,0
25314673111331,11,3545938,152,0.338633,PASS,0,0
25314673131311,11,3349117,144,0.328645,PASS,0,0
25341673113311,11,3014175,128,0.310048,PASS,0,0
25341762313223,11,3411427,148,0.332152,PASS,0,0
25364172311231,11,6458010,276,0.468802,PASS,0,0
25364173223231,11,2809513,120,0.308633,PASS,0,0
25367411211122,11,2324830,100,0.277803,PASS,0,0
25413672323111,11,6402956,280,0.476220,PASS,0,0
25413763121222,11,1921947,86,0.276482,PASS,0,0
25436711311313,11,2739246,119,0.298659,PASS,0,0
25436712123122,11,3095637,133,0.327097,PASS,0,0
25436712123332,11,2008071,87,0.271298,PASS,0,0
25436712132122,11,2414064,105,0.321774,PASS,0,0
25436712323231,11,2185113,94,0.287431,PASS,0,0
25436713232321,11,2677050,113,0.295906,PASS,0,0
25436713332122,11,1644441,72,0.263026,PASS,0,0
25463713212332,11,1302728,58,0.248799,PASS,0,0
25471362323132,11,3445869,148,0.339022,PASS,0,0
25471631312213,11,2982237,127,0.314829,PASS,0,0
25631741212121,11,3387888,147,0.331794,PASS,0,0
25634713321232,11,2691359,116,0.303729,PASS,0,0
25641371213132,11,1768749,79,0.260273,PASS,0,0
25714632123131,11,2656549,112,0.298399,PASS,0,0
25714632223331,11,2064567,89,0.280694,PASS,0,0
25714632313211,11,6831657,283,0.464894,PASS,0,0
25714633121333,11,2771664,116,0.302390,PASS,0,0
25716431212223,11,2042845,90,0.281096,PASS,0,0
25716433223213,11,2817762,121,0.303859,PASS,0,0
25731642232211,11,3580763,155,0.347735,PASS,0,0
25734162221111,11,2162498,94,0.291695,PASS,0,0
25734613113323,11,2346202,99,0.286228,PASS,0,0
25736141111123,11,2240307,100,0.292896,PASS,0,0
25736141233232,11,1976318,88,0.270371,PASS,0,0
25736411133113,11,1742448,76,0.269497,PASS,0,0
25736411231321,11,2141950,93,0.281703,PASS,0,0
25736411321312,11,3159529,134,0.321046,PASS,0,0
25736411331113,11,1646817,72,0.265752,PASS,0,0
25736413123112,11,3179222,137,0.319251,PASS,0,0
25741361232113,11,2947291,130,0.321688,PASS,0,0
25741632222323,11,2696121,121,0.310285,PASS,0,0
25741632312323,11,2233369,96,0.277804,PASS,0,0
25743611233232,11,1432919,63,0.264731,PASS,0,0
25763142223133,11,2719448,115,0.298522,PASS,0,0
25763411332322,11,1940536,87,0.274748,PASS,0,0
26135742132221,11,2533490,106,0.289190,PASS,0,0
26135742213323,11,6531002,286,0.480224,PASS,0,0
26135742332312,11,3019807,130,0.325085,PASS,0,0
26153471122121,11,2257584,95,0.296453,PASS,0,0
26153473131131,11,1902084,81,0.263145,PASS,0,0
26153473132121,11,2004562,87,0.277235,PASS,0,0
26154372332213,11,4269302,183,0.371864,PASS,0,0
26175432331133,11,2378870,104,0.291292,PASS,0,0
26317451212211,11,2946185,125,0.320071,PASS,0,0
26345711223113,11,1179951,51,0.237274,PASS,0,0
26371453112111,11,2320401,99,0.297444,PASS,0,0
26415731322323,11,1652601,74,0.258445,PASS,0,0
26415732121223,11,3410865,147,0.340966,PASS,0,0
26415732233321,11,3017277,131,0.322258,PASS,0,0
26435712222122,11,3710032,160,0.337973,PASS,0,0
26435712233321,11,2761281,120,0.310139,PASS,0,0
26435712311132,11,3237405,142,0.322071,PASS,0,0
26435712322322,11,2929151,128,0.313131,PASS,0,0
26435713311122,11,3074114,133,0.323321,PASS,0,0
26435713333133,11,2090981,93,0.273394,PASS,0,0
26437512122312,11,2856315,123,0.317299,PASS,0,0
26453172211133,11,3541493,149,0.340121,PASS,0,0
26453711333333,11,2248050,95,0.276199,PASS,0,0
26513471122121,11,1593859,69,0.255484,PASS,0,0
26517343333313,11,1997960,88,0.272578,PASS,0,0
26534713333313,11,2645558,116,0.307297,PASS,0,0
26543171111111,11,5452527,231,0.430589,PASS,0,0
26543171123111,11,1648779,72,0.254632,PASS,0,0
26547313131323,11,2451628,105,0.291637,PASS,0,0
26573413331312,11,1764946,76,0.253909,PASS,0,0
26714531212133,11,2594299,114,0.306478,PASS,0,0
26714532121133,11,2735173,119,0.311302,PASS,0,0
26715433231322,11,2226801,94,0.273803,PASS,0,0
26741351232113,11,2007917,88,0.277099,PASS,0,0
26743512121232,11,3463748,148,0.335258,PASS,0,0
27134561131133,11,2529604,108,0.302981,PASS,0,0
27154632311132,11,2115339,92,0.277091,PASS,0,0
27314652313211,11,9111663,374,0.558689,PASS,0,0
27365412321212,11,3018131,130,0.311683,PASS,0,0
27415363131113,11,2251383,96,0.286059,PASS,0,0
27415632323231,11,2186483,99,0.290871,PASS,0,0
27415633321322,11,2057115,89,0.272275,PASS,0,0
27416532133232,11,1974195,85,0.281372,PASS,0,0
27416533321232,11,2667576,112,0.297277,PASS,0,0
27435612122222,11,2957328,129,0.317163,PASS,0,0
27453161123111,11,1866914,80,0.264607,PASS,0,0
27453161132111,11,2132587,93,0.278693,PASS,0,0
27456133132223,11,1799199,78,0.270107,PASS,0,0
27516341111111,11,3717881,177,0.366350,PASS,0,0
27534161111111,11,5068805,219,0.405404,PASS,0,0
27534161111123,11,2449824,107,0.298878,PASS,0,0
27534162311111,11,1817517,78,0.258495,PASS,0,0
27534612311132,11,2702015,115,0.302054,PASS,0,0
27536412332312,11,2926476,128,0.310321,PASS,0,0
27543611111123,11,2059822,89,0.279491,PASS,0,0
27543611111132,11,2033424,88,0.283159,PASS,0,0
27546312231122,11,3922087,171,0.360985,PASS,0,0
27613543333133,11,1997999,87,0.271670,PASS,0,0
27614353311332,11,2164804,92,0.282936,PASS,0,0
27615431312333,11,2150405,94,0.292559,PASS,0,0
27615432113321,11,3071979,138,0.324940,PASS,0,0
27615433313213,11,2884142,129,0.315375,PASS,0,0
27634511131133,11,2107302,91,0.287383,PASS,0,0
27634512233321,11,3052661,128,0.310330,PASS,0,0
27643513311233,11,3229274,140,0.333050,PASS,0,0
31246753312211,11,3316897,140,0.329917,PASS,0,0
31247651113232,11,2062000,88,0.270210,PASS,0,0
31247651323232,11,2241804,97,0.286972,PASS,0,0
31256471231222,11,1257319,55,0.234121,PASS,0,0
31257462222221,11,2563308,111,0.297112,PASS,0,0
31257462312311,11,3488615,150,0.338996,PASS,0,0
31257643311122,11,2439994,105,0.316328,PASS,0,0
31264572122213,11,2295467,99,0.291601,PASS,0,0
31264573132313,11,1396367,60,0.239795,PASS,0,0
31264573222223,11,1601445,71,0.261083,PASS,0,0
31264752132122,11,2138741,93,0.271376,PASS,0,0
31264752313121,11,3260068,140,0.330690,PASS,0,0
31265471111111,11,4431095,190,0.385051,PASS,0,0
31265471122112,11,1993606,85,0.286663,PASS,0,0
31265471122133,11,2740473,121,0.310111,PASS,0,0
31265471312213,11,2856586,129,0.320683,PASS,0,0
31265471313113,11,1638297,70,0.264519,PASS,0,0
31265471321111,11,3443254,144,0.332740,PASS,0,0
31265472233321,11,3783080,173,0.368162,PASS,0,0
31265472312233,11,2115096,92,0.294889,PASS,0,0
31265741233331,11,2110347,92,0.284865,PASS,0,0
31267542222233,11,2641023,117,0.301734,PASS,0,0
31267542313133,11,3020690,133,0.325542,PASS,0,0
31275461112233,11,2929795,129,0.320235,PASS,0,0
31275461322233,11,2995203,125,0.330506,PASS,0,0
31275462133211,11,2577831,110,0.304637,PASS,0,0
31275462223211,11,2668267,115,0.305460,PASS,0,0
31275462311213,11,2814747,122,0.320083,PASS,0,0
31275462312212,11,2891250,127,0.334177,PASS,0,0
31275463311122,11,2788588,121,0.312632,PASS,0,0
31276452133322,11,1922832,84,0.295867,PASS,0,0
31276452313313,11,4520431,192,0.390718,PASS,0,0
31452671323211,11,3294706,138,0.330246,PASS,0,0
31452671332232,11,2302319,97,0.301691,PASS,0,0
31452672322331,11,3062108,137,0.329824,PASS,0,0
31456722111221,11,1697698,74,0.264094,PASS,0,0
31462751111111,11,8390346,349,0.542399,PASS,0,0
31462751113322,11,2419047,104,0.294370,PASS,0,0
31475261322233,11,3055751,132,0.324588,PASS,0,0
31475262331313,11,4088163,177,0.361177,PASS,0,0
31475262333221,11,2668636,116,0.316718,PASS,0,0
31524673332122,11,3165107,136,0.328133,PASS,0,0
31527643332122,11,2246422,95,0.295459,PASS,0,0
31564272212111,11,2881184,126,0.323231,PASS,0,0
31564272213311,11,2172896,92,0.273409,PASS,0,0
31564273113311,11,1916734,83,0.279270,PASS,0,0
31572461122133,11,6858602,292,0.482533,PASS,0,0
31624751112233,11,3336988,141,0.336347,PASS,0,0
31624753312211,11,3077895,130,0.316011,PASS,0,0
31627452221333,11,2361241,102,0.285064,PASS,0,0
31654272313322,11,2163613,92,0.279424,PASS,0,0
31754621331122,11,3338657,142,0.346138,PASS,0,0
31765242322121,11,2066613,89,0.285033,PASS,0,0
32145671111111,11,14781819,618,0.814227,PASS,0,0
32145671123333,11,2290793,100,0.300008,PASS,0,0
32145671132222,11,2426894,105,0.294910,PASS,0,0
32145671221112,11,1596375,70,0.267578,PASS,0,0
32145671333333,11,2295184,107,0.302255,PASS,0,0
32145672113333,11,2228522,96,0.307390,PASS,0,0
32145672212222,11,2074989,92,0.282427,PASS,0,0
32145673112222,11,2065120,91,0.272318,PASS,0,0
32145673311113,11,1416643,61,0.253169,PASS,0,0
32146751232323,11,2584820,109,0.299497,PASS,0,0
32146752232223,11,3306547,145,0.349290,PASS,0,0
32147562313223,11,2224806,97,0.288233,PASS,0,0
32147562333233,11,3782315,158,0.356856,PASS,0,0
32147651123333,11,1716977,74,0.282642,PASS,0,0
32147651132222,11,1702289,74,0.268247,PASS,0,0
32147651213333,11,1913149,83,0.278431,PASS,0,0
32147651312222,11,1614430,77,0.267555,PASS,0,0
32147652113333,11,1623861,74,0.263038,PASS,0,0
32147652231332,11,2276455,107,0.303597,PASS,0,0
32147652233213,11,3334808,140,0.329965,PASS,0,0
32147652331322,11,2407402,105,0.296886,PASS,0,0
32147652332213,11,3337270,144,0.335720,PASS,0,0
32147653112222,11,1646143,70,0.274157,PASS,0,0
32156471111111,11,4389547,193,0.389839,PASS,0,0
32156471113211,11,4114747,171,0.366655,PASS,0,0
32156471232332,11,2258045,98,0.290694,PASS,0,0
32156472312332,11,2152862,94,0.282589,PASS,0,0
32156472332132,11,2538739,106,0.291457,PASS,0,0
32156472332321,11,3785246,159,0.365978,PASS,0,0
32156472333332,11,2794636,128,0.331746,PASS,0,0
32156473223123,11,1487825,69,0.263050,PASS,0,0
32156741112323,11,11786523,486,0.693542,PASS,0,0
32156742311123,11,3309955,140,0.321104,PASS,0,0
32156742313223,11,2854013,124,0.334959,PASS,0,0
32156742333131,11,2558662,112,0.307691,PASS,0,0
32157641232323,11,3387074,145,0.337270,PASS,0,0
32157642231323,11,2562772,110,0.319267,PASS,0,0
32164571111111,11,2527307,108,0.316289,PASS,0,0
32164571111231,11,2388351,103,0.301154,PASS,0,0
32164571232323,11,2884714,123,0.315051,PASS,0,0
32164572232223,11,2508567,105,0.297654,PASS,0,0
32164572232313,11,2734391,115,0.319858,PASS,0,0
32164572233321,11,4325480,183,0.383886,PASS,0,0
32164572312323,11,3594540,157,0.347084,PASS,0,0
32164573323212,11,1645242,75,0.259550,PASS,0,0
32165741111111,11,2755973,116,0.305880,PASS,0,0
32165741111132,11,2217143,94,0.281232,PASS,0,0
32165741233223,11,3098389,133,0.327632,PASS,0,0
32165742211112,11,2264114,97,0.287657,PASS,0,0
32165742331112,11,3066087,131,0.315710,PASS,0,0
32165743311131,11,2112618,91,0.284562,PASS,0,0
32167451111111,11,11945483,505,0.700213,PASS,0,0
32167451213333,11,2198083,101,0.292415,PASS,0,0
32167451222222,11,2178620,98,0.297677,PASS,0,0
32167451312222,11,1970269,91,0.283115,PASS,0,0
32167451333111,11,1475772,63,0.251545,PASS,0,0
32167452211121,11,1482253,64,0.272808,PASS,0,0
32167453222313,11,1325710,59,0.256698,PASS,0,0
32167453313333,11,2159033,92,0.298318,PASS,0,0
32167453321232,11,1594398,70,0.259211,PASS,0,0
32174561112323,11,10349347,452,0.646395,PASS,0,0
32174561232113,11,2350607,105,0.292698,PASS,0,0
32174561232233,11,3213451,136,0.341464,PASS,0,0
32174562231212,11,2942693,126,0.326228,PASS,0,0
32174652312332,11,3039684,131,0.317705,PASS,0,0
32174652332132,11,2199276,98,0.309094,PASS,0,0
32175461111111,11,4441849,192,0.384130,PASS,0,0
32175461113112,11,3620573,160,0.353618,PASS,0,0
32175461221112,11,1877950,82,0.270885,PASS,0,0
32175461333111,11,1670283,72,0.257792,PASS,0,0
32175462233111,11,2970974,130,0.321638,PASS,0,0
32175462312323,11,2959755,127,0.318156,PASS,0,0
32416753121222,11,3003408,137,0.326827,PASS,0,0
32417562113321,11,2916806,125,0.321364,PASS,0,0
32417652132131,11,2032203,88,0.276842,PASS,0,0
32417653132121,11,1907285,85,0.276503,PASS,0,0
32451762331121,11,1708823,73,0.268530,PASS,0,0
32456173212332,11,1305537,61,0.247527,PASS,0,0
32456711233133,11,3105592,138,0.331150,PASS,0,0
32465172112121,11,2252397,97,0.289987,PASS,0,0
32465172132131,11,1587629,68,0.249664,PASS,0,0
32465172133121,11,2039818,90,0.286137,PASS,0,0
32465172332321,11,2515070,110,0.288959,PASS,0,0
32465173123121,11,1706032,74,0.265128,PASS,0,0
32465173132121,11,2463511,106,0.292732,PASS,0,0
32465173133111,11,1850609,82,0.274825,PASS,0,0
32465173233221,11,2389295,110,0.299690,PASS,0,0
32475161232323,11,2552363,109,0.295798,PASS,0,0
32475163331222,11,1691342,73,0.263334,PASS,0,0
32476513232231,11,2117834,90,0.276103,PASS,0,0
32517463131311,11,3451181,149,0.335392,PASS,0,0
32546713323212,11,1447389,66,0.254005,PASS,0,0
32547611121113,11,2379541,106,0.298756,PASS,0,0
32547611131112,11,2246478,95,0.289715,PASS,0,0
32547611213111,11,2168978,94,0.275840,PASS,0,0
32547611312111,11,2407272,103,0.299485,PASS,0,0
32547612111311,11,2485333,105,0.290409,PASS,0,0
32547613111211,11,2223979,98,0.291473,PASS,0,0
32561471113133,11,1797014,76,0.265648,PASS,0,0
32561471121311,11,2620150,112,0.300074,PASS,0,0
32561471122211,11,1812561,78,0.270266,PASS,0,0
32561471131211,11,2486784,110,0.292113,PASS,0,0
32561471211131,11,3025113,131,0.323581,PASS,0,0
32561471311121,11,2718448,115,0.295496,PASS,0,0
32561472133313,11,2473232,108,0.304140,PASS,0,0
32561472213122,11,1961137,89,0.285934,PASS,0,0
32561473222223,11,1482049,65,0.244808,PASS,0,0
32561473323212,11,1563606,68,0.259820,PASS,0,0
32567412122222,11,1701822,77,0.265324,PASS,0,0
32567412131312,11,3190593,137,0.329036,PASS,0,0
32567412222212,11,5341346,230,0.407271,PASS,0,0
32567413131212,11,2772077,121,0.304350,PASS,0,0
32567413133333,11,2328850,101,0.288980,PASS,0,0
32576142313223,11,2376132,102,0.282817,PASS,0,0
32615473332122,11,1472882,67,0.259348,PASS,0,0
32647152133121,11,2262888,96,0.289447,PASS,0,0
32647153132121,11,1674182,73,0.272078,PASS,0,0
32647512333233,11,3121164,131,0.322267,PASS,0,0
32657143121213,11,3548874,149,0.334061,PASS,0,0
32657412111212,11,1980948,88,0.279993,PASS,0,0
32671453123313,11,3073188,132,0.321930,PASS,0,0
32674152113333,11,3101737,137,0.323618,PASS,0,0
32714652332132,11,1955962,85,0.275750,PASS,0,0
32716452123212,11,3028825,131,0.317426,PASS,0,0
32741651121311,11,3238662,140,0.343518,PASS,0,0
32741651131211,11,2500950,111,0.301786,PASS,0,0
32741651211131,11,2821809,121,0.313185,PASS,0,0
32741651311121,11,2784589,117,0.305757,PASS,0,0
32741652111113,11,2434067,107,0.299371,PASS,0,0
32741653111112,11,2417066,104,0.310558,PASS,0,0
32745611223332,11,3235122,137,0.324513,PASS,0,0
32745612313322,11,4526140,204,0.392846,PASS,0,0
32745612322331,11,1751050,75,0.278364,PASS,0,0
32751643321232,11,1922598,94,0.285691,PASS,0,0
32754163211123,11,1932804,86,0.273195,PASS,0,0
32756141233121,11,2420168,106,0.307730,PASS,0,0
32761452121313,11,3101912,138,0.331638,PASS,0,0
32761452122222,11,2470291,110,0.296953,PASS,0,0
32761452222212,11,1962431,86,0.276794,PASS,0,0
32761453121312,11,3872762,161,0.340411,PASS,0,0
32761453133333,11,1868780,82,0.274481,PASS,0,0
32765411112221,11,1701136,73,0.255062,PASS,0,0
32765411121113,11,2283308,98,0.292876,PASS,0,0
32765411131112,11,2260970,97,0.282433,PASS,0,0
32765411133113,11,1496426,67,0.265947,PASS,0,0
32765411331113,11,1490981,64,0.246760,PASS,0,0
32765412221312,11,3750495,157,0.360024,PASS,0,0
32765412323222,11,2624723,112,0.303541,PASS,0,0
32765413122212,11,3654115,153,0.338874,PASS,0,0
32765413223312,11,1456600,62,0.243156,PASS,0,0
32765413231223,11,1692210,74,0.265088,PASS,0,0
32765413322312,11,1436335,62,0.243749,PASS,0,0
34125672131213,11,3746250,160,0.351821,PASS,0,0
34125672131312,11,3317490,144,0.345639,PASS,0,0
34125672221222,11,1776586,81,0.264185,PASS,0,0
34125673133333,11,1721396,75,0.265735,PASS,0,0
34127651121113,11,2154416,93,0.282831,PASS,0,0
34127651131112,11,2209111,95,0.285771,PASS,0,0
34127651213111,11,2334474,101,0.289776,PASS,0,0
34127651312111,11,2207415,96,0.286329,PASS,0,0
34127652111311,11,2047137,91,0.283413,PASS,0,0
34127653111211,11,2499602,109,0.303296,PASS,0,0
34162752132212,11,2558649,110,0.309714,PASS,0,0
34165271112212,11,1893928,82,0.258922,PASS,0,0
34165271121311,11,2903158,124,0.330034,PASS,0,0
34165271131211,11,2816835,122,0.310539,PASS,0,0
34165271211131,11,3147818,133,0.315702,PASS,0,0
34165271311121,11,2274854,99,0.294547,PASS,0,0
34165271311133,11,1378955,60,0.238313,PASS,0,0
34165272323333,11,2153428,94,0.288147,PASS,0,0
34165273133312,11,2938981,127,0.310204,PASS,0,0
34165273222322,11,1378743,62,0.253580,PASS,0,0
34165273311131,11,1551730,68,0.255081,PASS,0,0
34167252213323,11,2500232,109,0.311064,PASS,0,0
34172562132332,11,2582074,113,0.306633,PASS,0,0
34172562313331,11,2134756,92,0.279525,PASS,0,0
34175263321232,11,1548897,69,0.269576,PASS,0,0
34216572213122,11,2755219,115,0.302972,PASS,0,0
34261572132131,11,1847609,86,0.297246,PASS,0,0
34261572133121,11,2065465,89,0.282805,PASS,0,0
34261573123121,11,2059289,91,0.283121,PASS,0,0
34265712212132,11,2570517,111,0.301824,PASS,0,0
34275161312213,11,6466170,280,0.470396,PASS,0,0
34275162112322,11,2720032,120,0.324172,PASS,0,0
34275162213221,11,2665168,119,0.430911,PASS,0,0
34516271111111,11,2328016,100,0.293230,PASS,0,0
34516272312332,11,2327210,105,0.288235,PASS,0,0
34516722313223,11,3230451,142,0.332836,PASS,0,0
34517622231323,11,2988694,128,0.314965,PASS,0,0
34521672223232,11,2386668,103,0.286629,PASS,0,0
34526713232312,11,1954304,84,0.278364,PASS,0,0
34527612211322,11,2725824,114,0.301464,PASS,0,0
34527612231122,11,2682330,113,0.301590,PASS,0,0
34527612231332,11,2558439,109,0.294359,PASS,0,0
34527612331322,11,2719242,114,0.306202,PASS,0,0
34527613312133,11,2233772,96,0.285054,PASS,0,0
34561272122123,11,2061270,91,0.274280,PASS,0,0
34561272122321,11,2230634,176,0.374876,PASS,0,0
34561272212213,11,2919665,126,0.322971,PASS,0,0
34561272213122,11,1735541,77,0.277783,PASS,0,0
34561272232211,11,3606121,155,0.350438,PASS,0,0
34561273221233,11,1462188,65,0.249312,PASS,0,0
34561273233131,11,2392519,104,0.290033,PASS,0,0
34561273311233,11,1780724,78,0.261284,PASS,0,0
34561273313321,11,2471390,108,0.295983,PASS,0,0
34561273321133,11,1537776,68,0.251404,PASS,0,0
34561273321223,11,1607347,71,0.259140,PASS,0,0
34561721111111,11,2565770,112,0.291258,PASS,0,0
34562171321111,11,1771010,77,0.262199,PASS,0,0
34562171321231,11,1931338,84,0.265868,PASS,0,0
34562172232313,11,2698328,118,0.301569,PASS,0,0
34567212223232,11,2643168,115,0.302484,PASS,0,0
34617252111212,11,2134108,92,0.278206,PASS,0,0
34617252123212,11,2628564,113,0.301458,PASS,0,0
34617252132212,11,2277565,99,0.283977,PASS,0,0
34617522221333,11,1814693,79,0.261169,PASS,0,0
34621572132131,11,1562205,68,0.256149,PASS,0,0
34625172111212,11,2672017,116,0.296278,PASS,0,0
34627512232313,11,2361237,104,0.287530,PASS,0,0
34651271123111,11,5340100,230,0.410714,PASS,0,0
34651272332132,11,1893752,83,0.266760,PASS,0,0
34675212222122,11,3694523,159,0.342706,PASS,0,0
34715262221123,11,2900319,127,0.311949,PASS,0,0
34716522223211,11,2922365,127,0.305043,PASS,0,0
34721652121313,11,3881097,166,0.354057,PASS,0,0
34721652131213,11,2543310,112,0.295306,PASS,0,0
34721652221222,11,3061238,133,0.318143,PASS,0,0
34721652222212,11,2725566,118,0.300721,PASS,0,0
34721653333313,11,2017845,89,0.271237,PASS,0,0
34725611212211,11,1780793,78,0.256904,PASS,0,0
34725612111113,11,3144747,139,0.324960,PASS,0,0
34725612121322,11,3223322,139,0.319594,PASS,0,0
34725612231212,11,2306563,101,0.283368,PASS,0,0
34725612231332,11,2075021,91,0.277819,PASS,0,0
34725612322232,11,1929953,84,0.263000,PASS,0,0
34725612331322,11,2340495,102,0.287816,PASS,0,0
34725613111112,11,3369669,145,0.330089,PASS,0,0
34725613111133,11,2052070,94,0.282069,PASS,0,0
34725613132223,11,2111748,93,0.308801,PASS,0,0
34725613311113,11,1592835,69,0.261485,PASS,0,0
34761252323222,11,1376433,60,0.250822,PASS,0,0
35126741232212,11,2806250,124,0.312534,PASS,0,0
35126742231233,11,2321785,100,0.298232,PASS,0,0
35127462331331,11,3143758,143,0.333101,PASS,0,0
35162472122231,11,1806545,78,0.270138,PASS,0,0
35162472123233,11,2063670,89,0.280977,PASS,0,0
35162473122221,11,2602190,114,0.298299,PASS,0,0
35162473323131,11,2463522,107,0.293101,PASS,0,0
35162473332122,11,2076421,91,0.270768,PASS,0,0
35162473332131,11,2302661,108,0.300453,PASS,0,0
35162742213323,11,2345888,104,0.290181,PASS,0,0
35167242132212,11,1996703,89,0.268940,PASS,0,0
35172461232323,11,2484159,110,0.298614,PASS,0,0
35174262213131,11,2639763,120,0.308700,PASS,0,0
35174262231113,11,2283799,100,0.287051,PASS,0,0
35246171111111,11,7386593,317,0.506946,PASS,0,0
35246171113322,11,1576438,70,0.258010,PASS,0,0
35246172213311,11,2371709,106,0.290403,PASS,0,0
35267141223233,11,2613106,113,0.302003,PASS,0,0
35267141321132,11,6384677,273,0.456945,PASS,0,0
35271461322233,11,3226653,139,0.325768,PASS,0,0
35416721113112,11,3043254,132,0.316823,PASS,0,0
35416723232213,11,2289589,103,0.287915,PASS,0,0
35417622223133,11,2787032,120,0.300547,PASS,0,0
35426712131132,11,3140721,136,0.322408,PASS,0,0
35426712311312,11,4430101,194,0.378471,PASS,0,0
35426713111313,11,2207971,96,0.288896,PASS,0,0
35426713131113,11,1580852,72,0.255015,PASS,0,0
35426713312211,11,2482348,108,0.289132,PASS,0,0
35461271111231,11,2337649,102,0.290086,PASS,0,0
35461271321231,11,1864748,84,0.265932,PASS,0,0
35461272222323,11,1866739,82,0.265384,PASS,0,0
35462171131313,11,1252217,55,0.237747,PASS,0,0
35462171212121,11,1634660,72,0.257346,PASS,0,0
35462171221223,11,1176571,52,0.239644,PASS,0,0
35462171332331,11,2080014,93,0.277678,PASS,0,0
35462172213311,11,2986316,135,0.315959,PASS,0,0
35462172223331,11,2278534,99,0.281671,PASS,0,0
35462172312131,11,2539104,114,0.299540,PASS,0,0
35462173123211,11,1921689,86,0.268941,PASS,0,0
35462173131311,11,1696949,76,0.268105,PASS,0,0
35462173221221,11,1881994,82,0.264963,PASS,0,0
35462712322322,11,2508454,111,0.293980,PASS,0,0
35472163222313,11,1526071,70,0.249436,PASS,0,0
35472163231322,11,1653862,72,0.251878,PASS,0,0
35476122221111,11,1835624,81,0.345786,PASS,0,0
35614722321233,11,3138591,138,0.321294,PASS,0,0
35617423131332,11,1739340,78,0.260228,PASS,0,0
35624712121232,11,2604252,113,0.292563,PASS,0,0
35624712321212,11,2859723,124,0.309887,PASS,0,0
35624712321332,11,2311056,100,0.284510,PASS,0,0
35624712331232,11,2183147,95,0.280494,PASS,0,0
35714623111322,11,1746371,78,0.264316,PASS,0,0
35721642221213,11,2901965,125,0.304421,PASS,0,0
35762142222113,11,2890087,126,0.313124,PASS,0,0
36125471111333,11,1487820,65,0.254919,PASS,0,0
36125471212112,11,2348710,104,0.291092,PASS,0,0
36125471213111,11,3236800,139,0.323047,PASS,0,0
36125471222111,11,2324456,103,0.288217,PASS,0,0
36125471312111,11,3266490,144,0.326869,PASS,0,0
36125472111311,11,2849294,124,0.308876,PASS,0,0
36125472121223,11,2057526,89,0.275525,PASS,0,0
36125473111211,11,2882462,126,0.307353,PASS,0,0
36125473232222,11,1928646,84,0.267933,PASS,0,0
36125473323233,11,1863018,81,0.268419,PASS,0,0
36125743222331,11,3147227,136,0.321799,PASS,0,0
36127451333222,11,2493124,111,0.291564,PASS,0,0
36145272122222,11,2356657,103,0.289920,PASS,0,0
36145272131213,11,3628381,156,0.342445,PASS,0,0
36145272131312,11,3428452,148,0.334811,PASS,0,0
36145273333313,11,1987061,89,0.272467,PASS,0,0
36147251121311,11,2362850,103,0.282406,PASS,0,0
36147251131211,11,2519320,111,0.291499,PASS,0,0
36147251211131,11,2947924,129,0.313612,PASS,0,0
36147251311121,11,2685328,122,0.308785,PASS,0,0
36147252111113,11,2662544,114,0.293724,PASS,0,0
36147253111112,11,2196926,97,0.279131,PASS,0,0
36152741231312,11,2982141,131,0.319350,PASS,0,0
36152742131321,11,1910618,84,0.268550,PASS,0,0
36172452133133,11,3072624,134,0.312787,PASS,0,0
36217452131333,11,3765340,164,0.346985,PASS,0,0
36217541223311,11,2174782,95,0.280168,PASS,0,0
36217543213112,11,2488986,109,0.294813,PASS,0,0
36241573212332,11,1818354,80,0.263008,PASS,0,0
36241753212311,11,2153395,95,0.275441,PASS,0,0
36415272123212,11,1924061,83,0.267068,PASS,0,0
36417522123311,11,2127408,94,0.276422,PASS,0,0
36514272212111,11,3409799,149,0.333124,PASS,0,0
36521472113321,11,4500185,192,0.380678,PASS,0,0
36521472331121,11,3322773,144,0.328143,PASS,0,0
36527411131133,11,1393792,61,0.246707,PASS,0,0
36527412111113,11,2916459,125,0.304687,PASS,0,0
36527412131222,11,2403376,106,0.289813,PASS,0,0
36527412211322,11,2361531,104,0.289695,PASS,0,0
36527412221312,11,3138573,135,0.322001,PASS,0,0
36527412231122,11,2061832,90,0.276614,PASS,0,0
36527412322232,11,1953566,87,0.272345,PASS,0,0
36527413111112,11,3721074,169,0.362416,PASS,0,0
36527413311311,11,1254514,56,0.245362,PASS,0,0
36541272323222,11,1422894,65,0.250569,PASS,0,0
36542712121322,11,1881878,87,0.274399,PASS,0,0
36547212121313,11,4254626,188,0.370932,PASS,0,0
36547212122222,11,4744439,210,0.401949,PASS,0,0
36547212131312,11,2812435,122,0.306448,PASS,0,0
36547212221222,11,2238826,99,0.282576,PASS,0,0
36547213331333,11,1726079,77,0.260221,PASS,0,0
36712542121112,11,2016790,90,0.275015,PASS,0,0
36712542121121,11,2090116,92,0.275481,PASS,0,0
36712542121211,11,2772692,128,0.312657,PASS,0,0
36712542122111,11,1866924,82,0.267274,PASS,0,0
36714252232223,11,1537347,69,0.260395,PASS,0,0
36714521232113,11,2772836,122,0.302005,PASS,0,0
36714522121322,11,5372866,230,0.412501,PASS,0,0
36714522122213,11,2315991,103,0.282309,PASS,0,0
36714523132223,11,1613286,71,0.249805,PASS,0,0
36714523132322,11,1701904,77,0.265183,PASS,0,0
36721451131331,11,1510035,68,0.249655,PASS,0,0
36721452121322,11,2672831,116,0.298810,PASS,0,0
36721452122123,11,1354879,61,0.240323,PASS,0,0
36721452122213,11,3213261,139,0.326574,PASS,0,0
36721452122321,11,1526291,67,0.250376,PASS,0,0
36721452131111,11,2535655,110,0.296005,PASS,0,0
36721452223232,11,2613501,115,0.299645,PASS,0,0
36721453113113,11,1819824,80,0.265938,PASS,0,0
36721453121111,11,4120886,179,0.366404,PASS,0,0
36725411121212,11,3562049,154,0.336600,PASS,0,0
36725411131313,11,1547591,70,0.256832,PASS,0,0
36725411212121,11,1639408,74,0.253790,PASS,0,0
36725411313131,11,2185264,95,0.280326,PASS,0,0
36725412111212,11,2797072,121,0.302528,PASS,0,0
36725412121112,11,3690814,162,0.345371,PASS,0,0
36725412121211,11,2639630,117,0.307236,PASS,0,0
36725412121232,11,2285114,102,0.288691,PASS,0,0
36725412123212,11,3685410,171,0.352373,PASS,0,0
36725412321212,11,3811216,165,0.352288,PASS,0,0
36725413111313,11,1786981,79,0.270906,PASS,0,0
36725413131113,11,1651559,76,0.265130,PASS,0,0
36725413131311,11,1807417,82,0.267745,PASS,0,0
36741252122123,11,2165792,96,0.279828,PASS,0,0
36741252122321,11,2522628,110,0.297982,PASS,0,0
36741252122333,11,2311874,104,0.292538,PASS,0,0
36741252123323,11,2171140,95,0.283728,PASS,0,0
36741253233131,11,1919256,84,0.270016,PASS,0,0
36745211211221,11,1562178,73,0.259943,PASS,0,0
36745212121223,11,2664221,115,0.301595,PASS,0,0
36745212122312,11,2144188,96,0.280963,PASS,0,0
36745212122333,11,1494488,66,0.255555,PASS,0,0
36745212123323,11,2170345,96,0.280971,PASS,0,0
36745212131111,11,2447672,111,0.298388,PASS,0,0
36745212223232,11,2726614,120,0.311717,PASS,0,0
36745213121111,11,3134116,139,0.331385,PASS,0,0
36745213131131,11,1971697,89,0.273717,PASS,0,0
36745213133111,11,1632662,72,0.261146,PASS,0,0
36745213232213,11,1922307,87,0.276969,PASS,0,0
36751243222322,11,1423695,63,0.241644,PASS,0,0
36752142122132,11,2068904,91,0.276687,PASS,0,0
36752142123221,11,2522324,110,0.296912,PASS,0,0
36752143132232,11,1553651,70,0.249096,PASS,0,0
36752143133222,11,1451090,64,0.249761,PASS,0,0
36752143211132,11,2368817,107,0.295295,PASS,0,0
36754123232222,11,2194879,96,0.278248,PASS,0,0
37246511112233,11,2881440,129,0.312008,PASS,0,0
37256142321233,11,2438382,109,0.294483,PASS,0,0
37415622333221,11,2430107,110,0.298060,PASS,0,0
37426513132313,11,2025647,92,0.279380,PASS,0,0
37452162323312,11,2289002,103,0.285094,PASS,0,0
37516422333311,11,3088525,135,0.313060,PASS,0,0
37561241311112,11,3133460,138,0.321084,PASS,0,0
37612453122233,11,2025803,89,0.273059,PASS,0,0
37612542221111,11,2349769,105,0.289972,PASS,0,0
37614252221123,11,1554290,69,0.256687,PASS,0,0
37614521111111,11,2663850,116,0.300861,PASS,0,0
37614521323232,11,2398384,104,0.286061,PASS,0,0
37614522111221,11,1646548,73,0.254675,PASS,0,0
37614522113321,11,2250581,99,0.288904,PASS,0,0
37614522313322,11,2751786,122,0.310477,PASS,0,0
37614522323312,11,1751963,77,0.270037,PASS,0,0
37614523232213,11,2489449,109,0.298770,PASS,0,0
37615421113322,11,2918507,130,0.314688,PASS,0,0
37615422211133,11,3856602,166,0.352165,PASS,0,0
37615422223133,11,2904617,127,0.312312,PASS,0,0
37615422313121,11,2020924,89,0.275439,PASS,0,0
37615422313331,11,1889428,86,0.274365,PASS,0,0
37615423121132,11,1782243,79,0.267040,PASS,0,0
37624152311213,11,2136221,95,0.276687,PASS,0,0
37624511232233,11,3140486,144,0.328351,PASS,0,0
37624512121322,11,4402511,192,0.372722,PASS,0,0
37624512231212,11,2953095,130,0.319656,PASS,0,0
37624513131323,11,1594958,71,0.255842,PASS,0,0
37624513231313,11,1976211,88,0.274841,PASS,0,0
37641252222323,11,2742426,122,0.305509,PASS,0,0
37642152213311,11,4084380,176,0.356267,PASS,0,0
37642513122221,11,1961096,89,0.276240,PASS,0,0
37645122312221,11,1965951,92,0.285217,PASS,0,0
37651242211133,11,3382772,149,0.333745,PASS,0,0
37651422312311,11,2928461,132,0.322168,PASS,0,0
37652141113232,11,1857789,85,0.268254,PASS,0,0
37652143231322,11,2022988,89,0.270600,PASS,0,0
37654212311222,11,2016974,90,0.274280,PASS,0,0
41236753232321,11,2207890,98,0.278764,PASS,0,0
41237561313131,11,2529722,109,0.294111,PASS,0,0
41263751312222,11,3283808,142,0.329784,PASS,0,0
41325671212211,11,2187351,99,0.279787,PASS,0,0
41325762313223,11,4035338,177,0.358368,PASS,0,0
41325763131233,11,2089342,92,0.278976,PASS,0,0
41352671212112,11,1830982,80,0.262692,PASS,0,0
41352671212121,11,2323717,103,0.283762,PASS,0,0
41352671222111,11,2122845,96,0.281700,PASS,0,0
41357622313112,11,4237997,185,0.375982,PASS,0,0
41367253111133,11,2684704,118,0.301884,PASS,0,0
41532672313211,11,5223900,229,0.408619,PASS,0,0
41532761233133,11,2065624,90,0.278618,PASS,0,0
41563273113311,11,1557274,70,0.253913,PASS,0,0
41576322212222,11,2919844,135,0.324534,PASS,0,0
41625372313211,11,6876925,302,0.482631,PASS,0,0
41625373121213,11,2623522,115,0.296446,PASS,0,0
41625731222231,11,1312187,60,0.242610,PASS,0,0
41635721212121,11,3547486,158,0.347577,PASS,0,0
41657321222312,11,1664280,73,0.261799,PASS,0,0
41673252212222,11,1818543,83,0.269085,PASS,0,0
41673521111111,11,2331768,104,0.290650,PASS,0,0
41723562313211,11,5767683,255,0.436677,PASS,0,0
41725361232113,11,2471431,111,0.298506,PASS,0,0
41725361321213,11,2147059,94,0.271554,PASS,0,0
41725362221213,11,2723180,126,0.318066,PASS,0,0
41725362313211,11,2463775,107,0.290440,PASS,0,0
41725362313223,11,3470670,153,0.332806,PASS,0,0
41725363121222,11,1850803,82,0.266195,PASS,0,0
41725363121231,11,2372321,108,0.295079,PASS,0,0
41725631111111,11,2422773,106,0.285093,PASS,0,0
41725631211122,11,1957280,86,0.269219,PASS,0,0
41725632322331,11,1881724,84,0.272493,PASS,0,0
41725633111133,11,2065751,91,0.275880,PASS,0,0
41725633121123,11,2773069,122,0.312124,PASS,0,0
41725633211111,11,2195821,96,0.275424,PASS,0,0
41726352313322,11,2243216,100,0.289705,PASS,0,0
41726532312233,11,2071116,93,0.282345,PASS,0,0
41735261323313,11,2474746,108,0.292506,PASS,0,0
41735262312233,11,2648543,114,0.299852,PASS,0,0
41735263123223,11,2665674,117,0.301779,PASS,0,0
41735621233232,11,1504403,69,0.249278,PASS,0,0
41735622313322,11,4310556,194,0.374469,PASS,0,0
41736521233232,11,2213964,101,0.292692,PASS,0,0
41736522332231,11,2181641,98,0.283628,PASS,0,0
41752631222123,11,2410339,110,0.297411,PASS,0,0
41752632311123,11,3178540,137,0.319566,PASS,0,0
41752632312323,11,2810555,131,0.315397,PASS,0,0
41752632313211,11,7684207,335,0.520216,PASS,0,0
41756231321213,11,3093811,140,0.330490,PASS,0,0
41756233121231,11,2420163,108,0.294860,PASS,0,0
41762532221333,11,2397195,110,0.294732,PASS,0,0
41762533123331,11,1673799,74,0.258007,PASS,0,0
41765231233232,11,1767670,81,0.266338,PASS,0,0
41765322221312,11,1973443,87,0.273020,PASS,0,0
41765322313211,11,4076974,176,0.357861,PASS,0,0
41765323122212,11,2521369,112,0.299385,PASS,0,0
42136752131312,11,1635190,73,0.263457,PASS,0,0
42137561123333,11,2316451,103,0.286016,PASS,0,0
42137653122131,11,1992167,88,0.275371,PASS,0,0
42137653132121,11,2023116,89,0.274325,PASS,0,0
42157633231322,11,2535904,119,0.306139,PASS,0,0
42163751121212,11,2431581,110,0.299129,PASS,0,0
42165373223123,11,1185762,53,0.232783,PASS,0,0
42167532131333,11,2050562,96,0.279143,PASS,0,0
42315673112111,11,2920709,130,0.311029,PASS,0,0
42351671212211,11,2303225,104,0.293509,PASS,0,0
42351763231133,11,3235416,146,0.331072,PASS,0,0
42367153111121,11,2274560,100,0.285175,PASS,0,0
42367153211123,11,2227337,98,0.287191,PASS,0,0
42516372233111,11,2641718,118,0.305351,PASS,0,0
42561733323122,11,1657978,76,0.265925,PASS,0,0
42573612323231,11,1921930,91,0.270812,PASS,0,0
42573613322231,11,1848745,83,0.271400,PASS,0,0
42613572313211,11,5665682,249,0.431269,PASS,0,0
42615371313332,11,2667638,116,0.299596,PASS,0,0
42615372213311,11,3431163,154,0.338949,PASS,0,0
42615372221213,11,2777694,129,0.308382,PASS,0,0
42615372313211,11,2564873,116,0.303414,PASS,0,0
42651372213311,11,3766767,167,0.348914,PASS,0,0
42651733311122,11,2584799,114,0.295911,PASS,0,0
42673512232133,11,2882120,130,0.315345,PASS,0,0
42751632321233,11,2505755,119,0.307324,PASS,0,0
42751632323231,11,3201304,146,0.335850,PASS,0,0
43126572133313,11,1741430,77,0.264859,PASS,0,0
43167251232212,11,2085377,91,0.279611,PASS,0,0
43176252123131,11,3039827,135,0.321337,PASS,0,0
43176252311132,11,3232732,143,0.327774,PASS,0,0
43216573132121,11,1878841,86,0.272076,PASS,0,0
43216573132223,11,1723133,77,0.261627,PASS,0,0
43216573212311,11,2364166,107,0.297415,PASS,0,0
43216573212332,11,2776219,121,0.311968,PASS,0,0
43512671313332,11,2102787,96,0.279949,PASS,0,0
43527612312323,11,1945195,90,0.273182,PASS,0,0
43561271111111,11,3731275,167,0.355229,PASS,0,0
43571262122222,11,1565103,70,0.257219,PASS,0,0
43572161111111,11,3762816,168,0.353299,PASS,0,0
43572612312323,11,3553874,162,0.350013,PASS,0,0
43576211123222,11,1794308,82,0.267183,PASS,0,0
43576212112232,11,3247264,160,0.347196,PASS,0,0
43615271333312,11,1766151,79,0.269245,PASS,0,0
43615272113321,11,2198912,103,0.288474,PASS,0,0
43617521223221,11,2113581,94,0.286527,PASS,0,0
43621752213323,11,2211925,98,0.288472,PASS,0,0
43651722323132,11,2561927,112,0.298304,PASS,0,0
43675122222122,11,3389251,153,0.339586,PASS,0,0
43675211221331,11,1443674,67,0.249980,PASS,0,0
43721653231313,11,1872053,83,0.269000,PASS,0,0
43751623123313,11,3903636,176,0.365079,PASS,0,0
43765212222122,11,3362644,155,0.345452,PASS,0,0
45167323322231,11,1902332,83,0.268790,PASS,0,0
45176231131313,11,3919321,176,0.363393,PASS,0,0
45176231133113,11,3759446,166,0.353963,PASS,0,0
45176231331113,11,3856695,172,0.362553,PASS,0,0
45176233131113,11,3339155,149,0.334173,PASS,0,0
45176321131133,11,4651792,208,0.400756,PASS,0,0
45213672221123,11,2365549,104,0.290583,PASS,0,0
45273162222122,11,2013951,89,0.270906,PASS,0,0
45276131131133,11,3798647,170,0.353846,PASS,0,0
45312671222312,11,1365316,60,0.249637,PASS,0,0
45312672223331,11,3184225,142,0.329246,PASS,0,0
45312672233321,11,2967403,135,0.327474,PASS,0,0
45312672313211,11,6714111,292,0.479776,PASS,0,0
45312673132313,11,2582447,117,0.301898,PASS,0,0
45312673222112,11,1963426,87,0.267175,PASS,0,0
45312673231313,11,2143169,102,0.289021,PASS,0,0
45312761113211,11,3215721,141,0.326164,PASS,0,0
45312761133311,11,2142087,94,0.281257,PASS,0,0
45312762221111,11,2431224,110,0.299369,PASS,0,0
45312762311111,11,3117587,137,0.324071,PASS,0,0
45321671212211,11,2058240,91,0.277389,PASS,0,0
45321671221121,11,1671415,74,0.263039,PASS,0,0
45321673113311,11,2587188,112,0.308077,PASS,0,0
45327612222323,11,2146611,96,0.280829,PASS,0,0
45362712122222,11,3467938,158,0.346753,PASS,0,0
45367122223133,11,3581574,158,0.348935,PASS,0,0
45367211111132,11,3308800,146,0.334296,PASS,0,0
45367211211122,11,2309587,103,0.292711,PASS,0,0
45367213111133,11,2030140,91,0.286571,PASS,0,0
45376121131133,11,4174191,184,0.381555,PASS,0,0
45376121331311,11,2812103,128,0.324565,PASS,0,0
45376211333123,11,2120032,100,0.282503,PASS,0,0
45376213131323,11,2596971,116,0.296750,PASS,0,0
45376213333322,11,2995002,135,0.320874,PASS,0,0
45612371133221,11,2372464,108,0.295900,PASS,0,0
45612372331121,11,1931345,87,0.268280,PASS,0,0
45612373112231,11,2017177,89,0.272984,PASS,0,0
45612373132121,11,2536848,111,0.297908,PASS,0,0
45612373132223,11,1789186,78,0.264176,PASS,0,0
45612373322111,11,2140596,101,0.294327,PASS,0,0
45612373332122,11,1787203,81,0.260231,PASS,0,0
45612373332221,11,2222325,99,0.283224,PASS,0,0
45613271331221,11,1538472,72,0.257230,PASS,0,0
45613272233111,11,2082233,95,0.280282,PASS,0,0
45621373123331,11,1731256,81,0.267212,PASS,0,0
45621373211111,11,3225635,144,0.331515,PASS,0,0
45621732212123,11,2625032,116,0.304633,PASS,0,0
45621732233333,11,2604622,122,0.308319,PASS,0,0
45623712332123,11,2034586,90,0.271831,PASS,0,0
45623713322321,11,1663439,76,0.267555,PASS,0,0
45637123132121,11,2133056,96,0.284888,PASS,0,0
45637123332122,11,1781876,80,0.264773,PASS,0,0
45671231132231,11,1575081,71,0.260384,PASS,0,0
45671233112132,11,2175224,97,0.285234,PASS,0,0
45673212212132,11,2580824,119,0.309107,PASS,0,0
45673213211222,11,1884677,85,0.265668,PASS,0,0
45713623223132,11,2244696,100,0.279806,PASS,0,0
45721363321313,11,2954122,134,0.315937,PASS,0,0
45721363322231,11,2205301,101,0.284837,PASS,0,0
45732612233321,11,1814668,79,0.267306,PASS,0,0
45736121122211,11,2511468,113,0.298792,PASS,0,0
46123571111111,11,2845392,126,0.315560,PASS,0,0
46123573232123,11,3146046,139,0.324729,PASS,0,0
46125731333123,11,2213482,104,0.288757,PASS,0,0
46127351131313,11,1949072,88,0.269967,PASS,0,0
46127352131333,11,3339644,154,0.345272,PASS,0,0
46127353131323,11,2670791,120,0.307031,PASS,0,0
46135272133313,11,2877015,130,0.317544,PASS,0,0
46153273131131,11,2397304,110,0.296793,PASS,0,0
46157233333232,11,1882767,87,0.274452,PASS,0,0
46157321331233,11,1648090,75,0.263245,PASS,0,0
46215372121223,11,2083132,92,0.273531,PASS,0,0
46215372313211,11,3562722,161,0.350192,PASS,0,0
46257132211133,11,3642478,161,0.347697,PASS,0,0
46257313312211,11,4213598,188,0.377216,PASS,0,0
46273512122312,11,2557514,115,0.299160,PASS,0,0
46273513221212,11,2217654,108,0.290161,PASS,0,0
46275311123222,11,1978269,88,0.274578,PASS,0,0
46275312112232,11,3291885,151,0.332713,PASS,0,0
46275312132212,11,3227985,143,0.332680,PASS,0,0
46275312232133,11,3806904,172,0.353579,PASS,0,0
46275312313211,11,2447258,112,0.302911,PASS,0,0
46275313121222,11,1775860,81,0.268224,PASS,0,0
46275313312211,11,3035810,138,0.326364,PASS,0,0
46321752111131,11,2712209,121,0.311232,PASS,0,0
46352171211233,11,2309934,106,0.291272,PASS,0,0
46352172113231,11,3851591,172,0.357473,PASS,0,0
46372511221331,11,1694065,78,0.266108,PASS,0,0
46375211211332,11,2567788,126,0.316170,PASS,0,0
46375212113111,11,2506395,120,0.318021,PASS,0,0
46375212132131,11,1461423,71,0.265776,PASS,0,0
46375212132221,11,2889445,137,0.334553,PASS,0,0
46375212332222,11,3054769,216,0.399905,PASS,0,0
46375213112111,11,2791748,135,0.345154,PASS,0,0
46375213123121,11,1908485,86,0.287638,PASS,0,0
46375213333121,11,2059273,101,0.295491,PASS,0,0
46512371331221,11,1739116,78,0.269105,PASS,0,0
46512372113321,11,4116420,197,0.387320,PASS,0,0
46513272332111,11,2115649,95,0.278650,PASS,0,0
46513273113221,11,1783140,85,0.281372,PASS,0,0
46523711331332,11,2058203,98,0.290029,PASS,0,0
46527133111121,11,2328073,110,0.298891,PASS,0,0
46572311223122,11,2421806,111,0.293786,PASS,0,0
46572312132122,11,2202711,104,0.289685,PASS,0,0
46721533123313,11,1895456,89,0.294432,PASS,0,0
47123562232133,11,2949816,131,0.320388,PASS,0,0
47123651233232,11,2188429,99,0.294199,PASS,0,0
47126351233232,11,2134458,95,0.294792,PASS,0,0
47126532133133,11,2881314,135,0.343630,PASS,0,0
47132562311111,11,1946569,96,0.306246,PASS,0,0
47132563222331,11,2596506,121,0.329631,PASS,0,0
47132652233321,11,3552024,168,0.378692,PASS,0,0
47135622132332,11,2319436,112,0.314855,PASS,0,0
47136252133112,11,3290227,158,0.353740,PASS,0,0
47152361233232,11,1717108,81,0.272565,PASS,0,0
47152631322131,11,1871627,89,0.271361,PASS,0,0
47156231332313,11,3170524,154,0.349968,PASS,0,0
47156233211132,11,3062121,143,0.334618,PASS,0,0
47156233223312,11,2005294,95,0.288634,PASS,0,0
47156233233113,11,3755210,186,0.389900,PASS,0,0
47156233322312,11,1681421,82,0.277745,PASS,0,0
47156321111111,11,2257604,110,0.312184,PASS,0,0
47156321133311,11,2581442,120,0.313382,PASS,0,0
47156322132311,11,3134621,155,0.356012,PASS,0,0
47156322313232,11,2293510,162,0.361536,PASS,0,0
47156322332132,11,1457435,72,0.277126,PASS,0,0
47156322332312,11,2897502,144,0.336842,PASS,0,0
47156323223123,11,1923659,92,0.294288,PASS,0,0
47162351322122,11,2060123,98,0.290830,PASS,0,0
47163522131222,11,2459467,119,0.315823,PASS,0,0
47165321232113,11,2441031,110,0.308799,PASS,0,0
47165321322131,11,3240397,150,0.349015,PASS,0,0
47165322132212,11,3351112,160,0.352086,PASS,0,0
47165322133112,11,3401726,159,0.367789,PASS,0,0
47165322232133,11,3638137,177,0.369274,PASS,0,0
47165322313211,11,2530902,114,0.321188,PASS,0,0
47216352131333,11,3349641,162,0.354855,PASS,0,0
47251363131113,11,2089837,94,0.281911,PASS,0,0
47251632131312,11,3350941,160,0.353897,PASS,0,0
47256133212311,11,2443823,109,0.316689,PASS,0,0
47256133321232,11,1963548,92,0.296936,PASS,0,0
47265312122222,11,3230939,145,0.345475,PASS,0,0
47265312131312,11,3257013,155,0.353500,PASS,0,0
47265312313211,11,6495397,307,0.492357,PASS,0,0
47321651311133,11,2300410,105,0.292655,PASS,0,0
47352612123131,11,1689937,80,0.283546,PASS,0,0
47352612311132,11,1733687,82,0.277509,PASS,0,0
47352612313211,11,5027632,224,0.427748,PASS,0,0
47512632312323,11,1852109,91,0.287406,PASS,0,0
47621532232331,11,1846097,84,0.277579,PASS,0,0
47621533231121,11,2278438,101,0.289496,PASS,0,0
47632152233321,11,1883196,87,0.286299,PASS,0,0
47632153212311,11,2252628,104,0.294168,PASS,0,0
47632153232321,11,2147353,93,0.284262,PASS,0,0
47632513212332,11,3195242,138,0.332023,PASS,0,0
47652132231323,11,2085861,95,0.295949,PASS,0,0
47653213211231,11,3472794,155,0.353795,PASS,0,0
47653213232111,11,2106077,93,0.280622,PASS,0,0
51264731113322,11,1681557,73,0.269284,PASS,0,0
51264732213311,11,1818073,82,0.282006,PASS,0,0
51267342312233,11,2896594,135,0.336869,PASS,0,0
51324671211122,11,1941798,87,0.273926,PASS,0,0
51324672212111,11,2092914,99,0.362748,PASS,0,0
51324673113311,11,2888739,131,0.318983,PASS,0,0
51324761111123,11,1999903,91,0.283231,PASS,0,0
51324763113332,11,1441858,66,0.258084,PASS,0,0
51342672212111,11,1720196,81,0.273671,PASS,0,0
51342763312223,11,14154613,663,0.871137,PASS,0,0
51367241211113,11,2613105,121,0.323387,PASS,0,0
51423671221331,11,2365963,108,0.301943,PASS,0,0
51426731111111,11,2240909,105,0.308569,PASS,0,0
51426733312211,11,2183829,98,0.289614,PASS,0,0
51472361131313,11,1953411,87,0.277777,PASS,0,0
51472633331312,11,3932011,277,0.469255,PASS,0,0
51623471321111,11,2443683,115,0.343193,PASS,0,0
51623743313321,11,2221679,100,0.304284,PASS,0,0
51624731312123,11,3423089,156,0.356132,PASS,0,0
51624733323113,11,2448846,111,0.298950,PASS,0,0
51632741323232,11,2345545,103,0.296390,PASS,0,0
51642371122313,11,2350592,111,0.310089,PASS,0,0
51642731113322,11,3769444,180,0.371996,PASS,0,0
51647231113232,11,1930246,89,0.277873,PASS,0,0
51723643131311,11,2243050,106,0.386081,PASS,0,0
51724362122222,11,1794502,78,0.269600,PASS,0,0
51724363121213,11,1801841,80,0.265864,PASS,0,0
51726433123313,11,1854412,85,0.273458,PASS,0,0
51732643121213,11,1985776,87,0.272003,PASS,0,0
51742632323231,11,2542664,123,0.324954,PASS,0,0
51742632323333,11,2907016,132,0.325799,PASS,0,0
52134761232113,11,2070230,102,0.285214,PASS,0,0
52147631121311,11,2313596,108,0.306789,PASS,0,0
52147631131211,11,2396992,105,0.296833,PASS,0,0
52147631211131,11,2931449,127,0.324258,PASS,0,0
52147631311121,11,2987777,140,0.330251,PASS,0,0
52147632111113,11,2523606,114,0.299140,PASS,0,0
52147633111112,11,3054482,133,0.328301,PASS,0,0
52163471112122,11,1578973,70,0.257943,PASS,0,0
52163471213111,11,3411163,154,0.338941,PASS,0,0
52163471312111,11,3411851,147,0.347127,PASS,0,0
52163471333123,11,1876071,85,0.285841,PASS,0,0
52163472111311,11,2673102,122,0.314498,PASS,0,0
52163472131222,11,1830154,80,0.271067,PASS,0,0
52163473111211,11,2852787,124,0.328394,PASS,0,0
52163473111331,11,1858198,83,0.283942,PASS,0,0
52163473221323,11,1645504,82,0.276944,PASS,0,0
52163473323332,11,2708781,132,0.337037,PASS,0,0
52167342121232,11,1858832,85,0.285557,PASS,0,0
52167432121313,11,2695457,120,0.307691,PASS,0,0
52167432122222,11,2504714,113,0.295558,PASS,0,0
52167432131213,11,2292218,103,0.288006,PASS,0,0
52167433133333,11,3432975,154,0.347079,PASS,0,0
52167433331333,11,4175263,188,0.379291,PASS,0,0
52174633223123,11,1810185,80,0.279957,PASS,0,0
52314673311311,11,3892223,166,0.357917,PASS,0,0
52314761322122,11,1740367,79,0.271198,PASS,0,0
52341671111111,11,6820701,316,0.510555,PASS,0,0
52341671122211,11,2450910,109,0.308747,PASS,0,0
52341671311313,11,1735638,78,0.278756,PASS,0,0
52341672211112,11,1882507,87,0.286545,PASS,0,0
52341672232313,11,1718447,78,0.282317,PASS,0,0
52341672323222,11,2463712,110,0.294514,PASS,0,0
52341672323312,11,2307410,104,0.292334,PASS,0,0
52341673133111,11,1735315,83,0.285661,PASS,0,0
52341673232213,11,1386775,62,0.257342,PASS,0,0
52341673232333,11,2240749,105,0.292986,PASS,0,0
52341673323212,11,2256683,105,0.295509,PASS,0,0
52361472121313,11,3482097,151,0.347450,PASS,0,0
52361472131312,11,2340325,102,0.298233,PASS,0,0
52367142211121,11,2101086,93,0.277819,PASS,0,0
52367412322232,11,2276619,111,0.302926,PASS,0,0
52374161112323,11,2383368,112,0.301618,PASS,0,0
52376413222223,11,1390462,64,0.264562,PASS,0,0
52463173212332,11,2784145,128,0.323971,PASS,0,0
52463713212332,11,2848224,126,0.316388,PASS,0,0
52471631223113,11,2608665,114,0.310000,PASS,0,0
52471631323112,11,2864653,131,0.334034,PASS,0,0
52614372313211,11,3729519,167,0.360858,PASS,0,0
52641733212311,11,2002572,92,0.284294,PASS,0,0
52641733232321,11,1976259,87,0.297962,PASS,0,0
52673413232123,11,1663406,76,0.265213,PASS,0,0
52713461232323,11,1834158,83,0.284836,PASS,0,0
52714361232113,11,2841394,130,0.319265,PASS,0,0
52714633213223,11,2008971,99,0.291223,PASS,0,0
52714633223123,11,1954194,89,0.292184,PASS,0,0
52731641233112,11,1822659,90,0.285537,PASS,0,0
52731641323112,11,1528758,68,0.262853,PASS,0,0
52736141322233,11,2455767,117,0.305618,PASS,0,0
52741362313211,11,2394919,110,0.309093,PASS,0,0
52741362313223,11,2370771,107,0.295415,PASS,0,0
52741632122333,11,2137346,107,0.298788,PASS,0,0
52741632123323,11,3009170,142,0.347082,PASS,0,0
52741632212213,11,1850850,81,0.282603,PASS,0,0
52741632212231,11,1732676,78,0.266624,PASS,0,0
52741632232211,11,1428105,64,0.253522,PASS,0,0
52741633221233,11,2114669,98,0.290765,PASS,0,0
52741633313312,11,1399999,70,0.268522,PASS,0,0
52741633313321,11,1740893,76,0.266603,PASS,0,0
52741633321223,11,2537717,116,0.316273,PASS,0,0
52741633323311,11,1473423,65,0.256399,PASS,0,0
52743611111213,11,2969725,134,0.321838,PASS,0,0
52743611111312,11,3122304,141,0.333199,PASS,0,0
52743611112131,11,1520148,66,0.266171,PASS,0,0
52743611113121,11,1969991,91,0.280969,PASS,0,0
52743612131111,11,2506573,108,0.309980,PASS,0,0
52743613121111,11,3423782,168,0.365490,PASS,0,0
52761431111213,11,2396899,105,0.296145,PASS,0,0
52761431111312,11,2945959,141,0.342585,PASS,0,0
52761431112131,11,1698667,81,0.282877,PASS,0,0
52761431113121,11,1667865,77,0.284787,PASS,0,0
52761432131111,11,2569867,121,0.316276,PASS,0,0
52761433121111,11,3062886,143,0.332064,PASS,0,0
52763143222331,11,2808439,126,0.318033,PASS,0,0
52763411222312,11,3431160,153,0.361889,PASS,0,0
52763411333123,11,2161053,98,0.298928,PASS,0,0
52763413222112,11,3474784,151,0.347358,PASS,0,0
52763413223312,11,2956440,134,0.332302,PASS,0,0
52763413322312,11,2876760,122,0.321149,PASS,0,0
53126471231231,11,2900136,124,0.325798,PASS,0,0
53126471231321,11,1876489,83,0.273444,PASS,0,0
53126471321321,11,2417315,104,0.296198,PASS,0,0
53146272123233,11,2974892,127,0.317249,PASS,0,0
53147262123131,11,2499522,115,0.312314,PASS,0,0
53162743312223,11,13744314,583,0.787615,PASS,0,0
53274163211222,11,2445249,109,0.296603,PASS,0,0
53421671321111,11,4418031,207,0.402915,PASS,0,0
53421671321231,11,1993707,85,0.277975,PASS,0,0
53426171112233,11,2174940,92,0.281771,PASS,0,0
53462711113322,11,3353718,141,0.329871,PASS,0,0
53467211321111,11,2267990,99,0.289352,PASS,0,0
53476121323112,11,1974669,87,0.296946,PASS,0,0
53476121323322,11,2447935,106,0.293058,PASS,0,0
53614721212121,11,2909637,123,0.324050,PASS,0,0
53621471331221,11,1268102,57,0.257489,PASS,0,0
53642171111111,11,2665879,127,0.327249,PASS,0,0
53672142221213,11,4717666,200,0.389213,PASS,0,0
53714622233111,11,2080802,95,0.282358,PASS,0,0
53721463223312,11,1843027,79,0.268766,PASS,0,0
53724612121112,11,2925420,122,0.317543,PASS,0,0
53726143333121,11,1527089,66,0.261100,PASS,0,0
53741621323112,11,2390231,111,0.299288,PASS,0,0
53741621332112,11,2109667,94,0.292252,PASS,0,0
53742612323333,11,2105915,92,0.274476,PASS,0,0
53761242121211,11,2623420,116,0.313474,PASS,0,0
53761242221213,11,4214809,194,0.385883,PASS,0,0
53761242321212,11,2193724,97,0.282218,PASS,0,0
53762143222331,11,1576676,76,0.263306,PASS,0,0
53762413322123,11,2652525,117,0.309051,PASS,0,0
54123673233323,11,1791510,82,0.271252,PASS,0,0
54126371331221,11,1820961,83,0.281839,PASS,0,0
54127632131213,11,3478059,156,0.353032,PASS,0,0
54127632222212,11,1945746,85,0.279320,PASS,0,0
54127633131212,11,4481925,201,0.393630,PASS,0,0
54127633133333,11,4698736,196,0.393843,PASS,0,0
54127633333313,11,2685231,126,0.330722,PASS,0,0
54163271133221,11,3943225,174,0.362404,PASS,0,0
54163272233111,11,2817570,122,0.314729,PASS,0,0
54167231121113,11,2847608,126,0.317950,PASS,0,0
54167231131112,11,3588827,151,0.341616,PASS,0,0
54167231221211,11,1571735,68,0.254515,PASS,0,0
54167231333213,11,2107226,93,0.285630,PASS,0,0
54167232112112,11,1438886,66,0.257047,PASS,0,0
54167232133313,11,3172122,140,0.328456,PASS,0,0
54167232333113,11,2188410,93,0.295885,PASS,0,0
54167233232333,11,2559677,109,0.303631,PASS,0,0
54167233331213,11,2129864,96,0.289579,PASS,0,0
54172633132313,11,3171498,144,0.334949,PASS,0,0
54217362233213,11,3404495,149,0.354818,PASS,0,0
54217632132212,11,4422226,195,0.395631,PASS,0,0
54231671123111,11,4394882,189,0.385986,PASS,0,0
54231673123121,11,1824084,77,0.259961,PASS,0,0
54261373123121,11,1520650,70,0.265732,PASS,0,0
54261732231233,11,2108722,95,0.283430,PASS,0,0
54276132233312,11,1787711,79,0.269983,PASS,0,0
54312671131331,11,1431177,66,0.258148,PASS,0,0
54312672212111,11,2275331,100,0.301277,PASS,0,0
54312673311311,11,3632630,169,0.366449,PASS,0,0
54317261113112,11,2445850,106,0.305335,PASS,0,0
54317621111222,11,1975429,86,0.268267,PASS,0,0
54321672212213,11,2743939,125,0.323192,PASS,0,0
54321672212231,11,2492819,108,0.304332,PASS,0,0
54321672232211,11,2209035,104,0.291398,PASS,0,0
54321673313312,11,2802137,124,0.321035,PASS,0,0
54321673313321,11,3579151,159,0.345937,PASS,0,0
54321673323311,11,3408402,145,0.342429,PASS,0,0
54321761211221,11,2044779,87,0.276019,PASS,0,0
54321763113113,11,1986545,87,0.270254,PASS,0,0
54326171111231,11,5072741,210,0.396056,PASS,0,0
54326171112233,11,1582336,69,0.262731,PASS,0,0
54326171321231,11,1842552,80,0.276252,PASS,0,0
54326711112212,11,2079851,88,0.274809,PASS,0,0
54327612223232,11,2050909,92,0.279444,PASS,0,0
54361272223232,11,2155808,96,0.290820,PASS,0,0
54362171113133,11,1819166,79,0.274643,PASS,0,0
54362711111231,11,2573101,110,0.307182,PASS,0,0
54362711323112,11,2191086,95,0.290322,PASS,0,0
54367121112212,11,2582414,114,0.303345,PASS,0,0
54367121113211,11,2377092,107,0.299155,PASS,0,0
54367121113331,11,2756743,116,0.316492,PASS,0,0
54367122211121,11,2408967,107,0.290578,PASS,0,0
54367122311111,11,2582472,118,0.317487,PASS,0,0
54367123311113,11,2705386,124,0.330986,PASS,0,0
54367211132222,11,2974208,134,0.332953,PASS,0,0
54367211213333,11,3065076,145,0.336040,PASS,0,0
54367211222132,11,1698419,75,0.279432,PASS,0,0
54367211333213,11,1745875,77,0.274654,PASS,0,0
54367212211322,11,3944369,175,0.363802,PASS,0,0
54367212231122,11,2501823,110,0.303069,PASS,0,0
54367212233213,11,1648531,73,0.255638,PASS,0,0
54367212332213,11,1603449,70,0.259339,PASS,0,0
54367212333113,11,1866695,80,0.275272,PASS,0,0
54367213112222,11,3518627,148,0.343971,PASS,0,0
54367213312133,11,2825603,120,0.317620,PASS,0,0
54371261113331,11,1810171,77,0.272861,PASS,0,0
54371621113112,11,5466187,226,0.416343,PASS,0,0
54371621113322,11,1565605,71,0.261560,PASS,0,0
54376121322233,11,2508000,107,0.296095,PASS,0,0
54376211111132,11,2480874,109,0.303403,PASS,0,0
54376211111222,11,1932915,84,0.278633,PASS,0,0
54376211113133,11,2288182,100,0.288960,PASS,0,0
54612371112311,11,5481024,248,0.444096,PASS,0,0
54612372222131,11,1461259,63,0.250874,PASS,0,0
54612732112223,11,2505206,111,0.310964,PASS,0,0
54612733322213,11,2343536,102,0.300384,PASS,0,0
54621371133311,11,2390072,103,0.299037,PASS,0,0
54621372211121,11,2377191,109,0.297913,PASS,0,0
54637211132111,11,2193424,95,0.284965,PASS,0,0
54671232221213,11,3338729,140,0.335653,PASS,0,0
54712361323313,11,1872758,80,0.268314,PASS,0,0
54712362223322,11,2661679,123,0.309018,PASS,0,0
54716232222113,11,2261588,102,0.297398,PASS,0,0
54716321112323,11,2522393,120,0.316955,PASS,0,0
54716322313223,11,2102004,91,0.285788,PASS,0,0
54721631111111,11,8011896,333,0.529014,PASS,0,0
54721631122121,11,2111418,92,0.283154,PASS,0,0
54721631311133,11,2055555,91,0.280744,PASS,0,0
54721632133232,11,1702329,75,0.266316,PASS,0,0
54721632212222,11,2593100,113,0.310255,PASS,0,0
54721632212231,11,1477567,64,0.260313,PASS,0,0
54721633231322,11,1398436,60,0.247060,PASS,0,0
54721633313321,11,1722222,75,0.273341,PASS,0,0
54721633333331,11,1705126,81,0.272015,PASS,0,0
54723612131312,11,3491377,147,0.334488,PASS,0,0
54723612221222,11,2797269,127,0.314440,PASS,0,0
54723612222212,11,4610118,201,0.397178,PASS,0,0
54723613121312,11,4109829,175,0.373322,PASS,0,0
54723613333313,11,4043002,170,0.365840,PASS,0,0
54761233322321,11,1895446,83,0.267486,PASS,0,0
54763212322232,11,2373979,105,0.292211,PASS,0,0
56123471222312,11,1751504,78,0.275716,PASS,0,0
56123471223221,11,2658042,116,0.311772,PASS,0,0
56123471331332,11,2890252,128,0.314354,PASS,0,0
56123471333123,11,1835353,79,0.265947,PASS,0,0
56123472322121,11,2542817,118,0.309409,PASS,0,0
56123472331331,11,2799080,119,0.310627,PASS,0,0
56123473133132,11,2422221,102,0.297125,PASS,0,0
56123473133231,11,2350916,100,0.291240,PASS,0,0
56123473222112,11,1659152,75,0.264795,PASS,0,0
56123473223312,11,1330840,58,0.250447,PASS,0,0
56123473322312,11,1403901,63,0.258702,PASS,0,0
56124371111231,11,2425533,111,0.306999,PASS,0,0
56124371232323,11,1976259,87,0.274393,PASS,0,0
56127433332323,11,2647408,119,0.306882,PASS,0,0
56132472333332,11,2273411,102,0.297522,PASS,0,0
56132473211111,11,2282812,97,0.293173,PASS,0,0
56132473213211,11,2108654,95,0.282326,PASS,0,0
56143273332323,11,3123597,135,0.329412,PASS,0,0
56147231222132,11,3741612,156,0.346702,PASS,0,0
56147231333213,11,2528558,116,0.311242,PASS,0,0
56147232233213,11,2642114,116,0.314169,PASS,0,0
56147232332213,11,2241995,95,0.285252,PASS,0,0
56147232333113,11,2650291,117,0.314998,PASS,0,0
56147322333233,11,3199633,141,0.330521,PASS,0,0
56173421113112,11,2546695,107,0.308166,PASS,0,0
56174232323333,11,2111307,94,0.285283,PASS,0,0
56174321232113,11,3279775,150,0.346345,PASS,0,0
56213471111111,11,4813093,200,0.398353,PASS,0,0
56213743313333,11,4136117,184,0.369291,PASS,0,0
56243173133111,11,1675433,72,0.261035,PASS,0,0
56243713121333,11,2300448,103,0.292965,PASS,0,0
56247132333233,11,2547914,108,0.296208,PASS,0,0
56271433111313,11,3230737,137,0.325470,PASS,0,0
56271433123313,11,2295784,97,0.286425,PASS,0,0
56271433132313,11,3463077,148,0.339723,PASS,0,0
56274132331133,11,1199835,54,0.241979,PASS,0,0
56274312313211,11,3517609,147,0.328788,PASS,0,0
56321473233323,11,1434719,66,0.252795,PASS,0,0
56321742211112,11,3564048,148,0.329938,PASS,0,0
56324171221331,11,2223904,97,0.290672,PASS,0,0
56327411211332,11,2302793,101,0.300134,PASS,0,0
56327413213112,11,1977719,94,0.283193,PASS,0,0
56341273121213,11,3279780,140,0.330965,PASS,0,0
56341273131212,11,3557575,160,0.351149,PASS,0,0
56347122333233,11,2936761,127,0.320468,PASS,0,0
56347211213111,11,1836085,80,0.270654,PASS,0,0
56347211222132,11,2314246,104,0.292911,PASS,0,0
56347211312111,11,1771736,75,0.268423,PASS,0,0
56347211331131,11,1455395,64,0.257918,PASS,0,0
56347212111221,11,2893813,127,0.316147,PASS,0,0
56347212111311,11,3945014,184,0.381620,PASS,0,0
56347212123233,11,2095900,91,0.282871,PASS,0,0
56347212232223,11,1715563,74,0.278122,PASS,0,0
56347213111211,11,3569347,149,0.342037,PASS,0,0
56347213131332,11,2858522,123,0.310171,PASS,0,0
56423171231231,11,1761616,75,0.265765,PASS,0,0
56423171231321,11,2661514,113,0.310481,PASS,0,0
56423171321321,11,1606644,69,0.258192,PASS,0,0
56423172112121,11,1803416,83,0.279831,PASS,0,0
56423173132121,11,2080680,89,0.285728,PASS,0,0
56423173133111,11,2047178,89,0.281846,PASS,0,0
56432713122122,11,2706658,119,0.306860,PASS,0,0
56712341232113,11,1604658,71,0.266050,PASS,0,0
56712343211123,11,1801255,78,0.262102,PASS,0,0
56721343123331,11,1964389,88,0.273723,PASS,0,0
56721432312233,11,2755251,124,0.315627,PASS,0,0
56723411113313,11,1820637,77,0.274178,PASS,0,0
56723411121113,11,2383892,104,0.299923,PASS,0,0
56723411131112,11,2364843,105,0.296736,PASS,0,0
56723411222312,11,1668802,71,0.267316,PASS,0,0
56723412122312,11,2032008,88,0.283972,PASS,0,0
56723412323222,11,2252922,100,0.290825,PASS,0,0
56723413221212,11,2196938,95,0.284143,PASS,0,0
56723413222112,11,1722970,75,0.263194,PASS,0,0
56723413331111,11,1796603,79,0.273435,PASS,0,0
56732143122113,11,2833536,122,0.308808,PASS,0,0
56741231121311,11,2104253,90,0.286997,PASS,0,0
56741231131211,11,2689129,116,0.312713,PASS,0,0
56741231211131,11,3510477,146,0.338666,PASS,0,0
56741231311121,11,2995650,126,0.332889,PASS,0,0
56741232111113,11,2436114,105,0.301955,PASS,0,0
56741233111112,11,2427407,102,0.304007,PASS,0,0
56743212122222,11,2000166,87,0.277511,PASS,0,0
56743212221222,11,4501882,202,0.389934,PASS,0,0
56743213121213,11,5193455,214,0.408381,PASS,0,0
56743213121312,11,3084750,138,0.337209,PASS,0,0
56743213331333,11,3913072,178,0.366210,PASS,0,0
57123461111111,11,4870778,217,0.408237,PASS,0,0
57164322131312,11,1746909,75,0.265189,PASS,0,0
57214361323232,11,2422431,106,0.296756,PASS,0,0
57214632212213,11,3847302,175,0.360997,PASS,0,0
57236141113232,11,2201611,95,0.285639,PASS,0,0
57236141322233,11,1858854,80,0.280247,PASS,0,0
57236141323232,11,4467082,188,0.381106,PASS,0,0
57241631322113,11,1793637,78,0.270435,PASS,0,0
57241631323112,11,1538086,67,0.272017,PASS,0,0
57246131112233,11,2632361,111,0.298981,PASS,0,0
57264132111323,11,1999136,87,0.275490,PASS,0,0
57321641311112,11,2705246,118,0.314795,PASS,0,0
57321642311132,11,2368985,105,0.296637,PASS,0,0
57364212213311,11,3625486,151,0.340465,PASS,0,0
57364212313211,11,2627599,116,0.307497,PASS,0,0
57364213332122,11,1961647,87,0.276916,PASS,0,0
57642311113322,11,2015943,95,0.289040,PASS,0,0
61234572231323,11,2039265,88,0.282532,PASS,0,0
61234573232213,11,1543893,72,0.267331,PASS,0,0
61235741313131,11,2532653,108,0.312069,PASS,0,0
61257343232123,11,2695864,113,0.305408,PASS,0,0
61274351313131,11,2046191,90,0.276923,PASS,0,0
61274532231323,11,1968299,86,0.284208,PASS,0,0
61352472233321,11,1884999,80,0.268832,PASS,0,0
61352472313211,11,14614255,629,0.820194,PASS,0,0
61452731311313,11,2392751,104,0.293613,PASS,0,0
61453721111111,11,2294659,98,0.301990,PASS,0,0
61453721311112,11,2786581,118,0.317007,PASS,0,0
61453723111121,11,1893790,82,0.282386,PASS,0,0
61472532123332,11,2176296,94,0.290725,PASS,0,0
61472533112111,11,1942235,84,0.274893,PASS,0,0
61527431111111,11,2600379,121,0.310675,PASS,0,0
61534272311132,11,2482803,110,0.304331,PASS,0,0
61534721112311,11,1716270,75,0.278451,PASS,0,0
61534721113211,11,1560512,67,0.262408,PASS,0,0
61543271111111,11,2860216,121,0.314371,PASS,0,0
61543271112311,11,2376244,101,0.298928,PASS,0,0
61572432312323,11,3183926,137,0.332303,PASS,0,0
61734523222331,11,3354181,145,0.336531,PASS,0,0
62134572321323,11,1687394,79,0.278811,PASS,0,0
62135471122121,11,1962297,87,0.277561,PASS,0,0
62135472132131,11,2451319,107,0.296387,PASS,0,0
62135473122131,11,1729892,75,0.259636,PASS,0,0
62135473123121,11,2718535,124,0.313107,PASS,0,0
62135473131131,11,2695901,114,0.306739,PASS,0,0
62135473132121,11,1915499,83,0.269615,PASS,0,0
62135473232231,11,1793815,77,0.259458,PASS,0,0
62135473322321,11,2390385,105,0.293638,PASS,0,0
62135743222331,11,1593516,69,0.257047,PASS,0,0
62135743312223,11,6520868,295,0.482200,PASS,0,0
62147353123121,11,1835320,81,0.274969,PASS,0,0
62147353132121,11,1601100,69,0.260879,PASS,0,0
62154733321121,11,2013363,86,0.279586,PASS,0,0
62157342132212,11,2172274,94,0.292042,PASS,0,0
62173543232132,11,1637380,71,0.265682,PASS,0,0
62174351122133,11,2548174,109,0.298483,PASS,0,0
62174533311212,11,1945772,86,0.281129,PASS,0,0
62317453112111,11,2564036,110,0.300884,PASS,0,0
62317453312211,11,2568114,111,0.307024,PASS,0,0
62351743112123,11,5079524,210,0.407193,PASS,0,0
62371453311311,11,1853975,81,0.277375,PASS,0,0
62374511322311,11,1536720,67,0.254906,PASS,0,0
62374513112321,11,3091500,139,0.332578,PASS,0,0
62374513312112,11,1957490,86,0.276246,PASS,0,0
62435172211133,11,2791068,125,0.305829,PASS,0,0
62435172311132,11,3119015,132,0.330821,PASS,0,0
62435711222222,11,2042039,87,0.277435,PASS,0,0
62453713311122,11,3761695,166,0.354680,PASS,0,0
62471532232133,11,2259315,104,0.301100,PASS,0,0
62475131322323,11,1685295,77,0.271325,PASS,0,0
62531472321233,11,1985782,88,0.293326,PASS,0,0
62543711211113,11,2105673,90,0.288674,PASS,0,0
62543711311112,11,2003273,85,0.285757,PASS,0,0
62571432321233,11,2647356,111,0.307307,PASS,0,0
62735143223213,11,2982062,130,0.317383,PASS,0,0
63125741112323,11,3634049,156,0.348755,PASS,0,0
63125743131233,11,2029371,87,0.283822,PASS,0,0
63125743133312,11,2102613,90,0.276708,PASS,0,0
63142571111111,11,2572661,122,0.319274,PASS,0,0
63142571132321,11,5925537,268,0.463001,PASS,0,0
63142573112123,11,4972698,210,0.400649,PASS,0,0
63172452312323,11,2101567,93,0.282439,PASS,0,0
63172452313211,11,14324337,593,0.783504,PASS,0,0
63174522332132,11,1510498,67,0.257690,PASS,0,0
63247511123132,11,2490658,106,0.296493,PASS,0,0
63251743133231,11,2655127,118,0.306850,PASS,0,0
63452711311313,11,2869370,126,0.317003,PASS,0,0
63452712333221,11,2071593,91,0.280788,PASS,0,0
63471522123131,11,2694899,115,0.299409,PASS,0,0
63471522323132,11,3585945,159,0.355072,PASS,0,0
63471522332132,11,2034271,88,0.280804,PASS,0,0
63472512123332,11,2548175,112,0.306474,PASS,0,0
63512743313333,11,3707771,170,0.371987,PASS,0,0
63541271212211,11,3080065,136,0.326499,PASS,0,0
63542713121333,11,4207148,186,0.388789,PASS,0,0
63574212123131,11,2035268,87,0.276012,PASS,0,0
63574212313211,11,3369951,142,0.323822,PASS,0,0
63712542221111,11,2044361,87,0.281804,PASS,0,0
63714252123131,11,2438982,103,0.290776,PASS,0,0
63714521112323,11,2220097,97,0.286038,PASS,0,0
63714522332132,11,1564231,68,0.252696,PASS,0,0
63721541233322,11,1754101,79,0.267999,PASS,0,0
63724153121213,11,1983105,85,0.273186,PASS,0,0
63725141112323,11,3031193,135,0.323975,PASS,0,0
63725141233121,11,1775797,76,0.280776,PASS,0,0
63725142123131,11,3309730,157,0.352363,PASS,0,0
63725142223133,11,3454434,145,0.334240,PASS,0,0
63725143122113,11,3118771,137,0.328607,PASS,0,0
63725143123313,11,4241274,177,0.374271,PASS,0,0
63741252222323,11,1999386,89,0.272949,PASS,0,0
63741522123131,11,2824865,126,0.316126,PASS,0,0
63742511232221,11,1650310,72,0.258818,PASS,0,0
63745123122212,11,1993407,85,0.278544,PASS,0,0
63751242221321,11,1537154,76,0.261355,PASS,0,0
63751423122311,11,2443449,106,0.296521,PASS,0,0
63752141111111,11,2394637,105,0.301797,PASS,0,0
63752141122211,11,2288712,101,0.290121,PASS,0,0
63752141123213,11,1744634,75,0.263139,PASS,0,0
63752142332132,11,1484672,69,0.259090,PASS,0,0
63752143123223,11,2306603,101,0.296797,PASS,0,0
63752143212323,11,2250300,96,0.287297,PASS,0,0
63752143223123,11,2223014,96,0.281747,PASS,0,0
63752411223212,11,2144588,91,0.279435,PASS,0,0
63752411333213,11,2311144,98,0.288914,PASS,0,0
63752412312323,11,3726362,156,0.347959,PASS,0,0
63752412322112,11,2168670,102,0.295505,PASS,0,0
63752412333113,11,2303187,107,0.298742,PASS,0,0
63754213122122,11,1682129,76,0.264413,PASS,0,0
64125371131313,11,3063180,137,0.332546,PASS,0,0
64157321133212,11,4616041,203,0.393218,PASS,0,0
64231572311132,11,2496144,112,0.305303,PASS,0,0
64257131113223,11,2783869,126,0.316327,PASS,0,0
64271533221212,11,2367466,108,0.300618,PASS,0,0
64275131212223,11,1775654,78,0.274471,PASS,0,0
64275131312123,11,2308420,107,0.306904,PASS,0,0
64275132211133,11,3335225,148,0.341354,PASS,0,0
64275132232133,11,4009934,174,0.362859,PASS,0,0
64275133231112,11,2096509,92,0.290300,PASS,0,0
64275133312211,11,2769901,120,0.310986,PASS,0,0
64275311112332,11,2752113,120,0.308038,PASS,0,0
64275311222222,11,1530193,67,0.267752,PASS,0,0
64275313312211,11,2713096,120,0.312156,PASS,0,0
64321572111131,11,5592973,253,0.456175,PASS,0,0
64321572132131,11,2264583,106,0.307924,PASS,0,0
64321572311132,11,2390603,107,0.300470,PASS,0,0
64325713121222,11,4563167,204,0.391300,PASS,0,0
64351272132131,11,1591728,76,0.272937,PASS,0,0
64357212313211,11,2178009,95,0.283598,PASS,0,0
64357213231322,11,3089621,135,0.336438,PASS,0,0
64357213312211,11,2269027,102,0.309605,PASS,0,0
64531271212211,11,2456995,107,0.298099,PASS,0,0
64531272132131,11,2017651,87,0.277467,PASS,0,0
64531273122131,11,2025631,87,0.290509,PASS,0,0
64531273123121,11,2168999,94,0.283421,PASS,0,0
64531273311311,11,2225906,96,0.285306,PASS,0,0
64531273312211,11,1930401,85,0.270992,PASS,0,0
64572131122223,11,2599948,116,0.304740,PASS,0,0
64713253112111,11,2239104,94,0.285111,PASS,0,0
65123471112311,11,2136861,90,0.284847,PASS,0,0
65123471233232,11,2023023,88,0.293516,PASS,0,0
65123472312311,11,2072130,90,0.285402,PASS,0,0
65132471212112,11,1511121,65,0.254692,PASS,0,0
65132471222111,11,1428691,66,0.258173,PASS,0,0
65132471231321,11,2901269,130,0.319847,PASS,0,0
65132471323121,11,2201863,94,0.282173,PASS,0,0
65132472131231,11,2250883,95,0.283953,PASS,0,0
65132472212231,11,2792312,125,0.321224,PASS,0,0
65132472233321,11,4030474,176,0.360443,PASS,0,0
65132473111331,11,2136585,92,0.278728,PASS,0,0
65132473313312,11,1394323,61,0.265338,PASS,0,0
65132473323311,11,1386199,60,0.255099,PASS,0,0
65132741223323,11,1455290,62,0.250152,PASS,0,0
65132743222331,11,2292929,99,0.292609,PASS,0,0
65134721233232,11,2069295,91,0.285332,PASS,0,0
65147321232113,11,3118103,132,0.322163,PASS,0,0
65172431132333,11,2698820,115,0.307719,PASS,0,0
65174232123131,11,1856198,85,0.280320,PASS,0,0
65174232133313,11,2676952,115,0.314426,PASS,0,0
65174232323312,11,2019173,85,0.282568,PASS,0,0
65174233323212,11,1954711,85,0.282882,PASS,0,0
65174233331213,11,5035872,212,0.400639,PASS,0,0
65174322313211,11,2512928,111,0.306025,PASS,0,0
65174323223123,11,2495936,110,0.301984,PASS,0,0
65213741111111,11,3022462,127,0.320630,PASS,0,0
65241371111111,11,2627630,120,0.316337,PASS,0,0
65243712121322,11,2067842,92,0.288846,PASS,0,0
65271341332331,11,2112826,97,0.295900,PASS,0,0
65271432231233,11,1433458,61,0.262749,PASS,0,0
65274131111111,11,2808753,120,0.309796,PASS,0,0
65274131311313,11,1951591,83,0.273518,PASS,0,0
65274131312213,11,2611868,117,0.313488,PASS,0,0
65274132123332,11,2297791,98,0.288726,PASS,0,0
65274133132223,11,1778717,77,0.298598,PASS,0,0
65274133232321,11,2237068,97,0.296118,PASS,0,0
65274133312223,11,2581833,115,0.313910,PASS,0,0
65314272311132,11,1889572,82,0.284751,PASS,0,0
65314272313211,11,4361934,185,0.380634,PASS,0,0
65321472111122,11,2102540,91,0.281197,PASS,0,0
65417321232113,11,2241752,97,0.290234,PASS,0,0
65417323223123,11,2348177,102,0.293770,PASS,0,0
65417323232123,11,2392009,105,0.298657,PASS,0,0
65423713321322,11,2248141,95,0.288305,PASS,0,0
65432173232321,11,3247047,138,0.341011,PASS,0,0
65471231132213,11,2121990,91,0.288908,PASS,0,0
65714323223123,11,2220916,95,0.299127,PASS,0,0
65723143321313,11,3127371,137,0.329286,PASS,0,0
65732411333123,11,3219790,140,0.332089,PASS,0,0
65742311212313,11,2350886,108,0.314813,PASS,0,0
67132541133311,11,3204336,135,0.330792,PASS,0,0
67145323133312,11,2057293,90,0.290944,PASS,0,0
67154233323332,11,2383735,101,0.308342,PASS,0,0
67215343333133,11,4002585,169,0.366643,PASS,0,0
67231541323112,11,3582339,151,0.350024,PASS,0,0
67231543323122,11,3221509,140,0.335311,PASS,0,0
67234513332122,11,1503053,65,0.267180,PASS,0,0
67245131313323,11,2001566,87,0.279678,PASS,0,0
67245311112311,11,3053521,129,0.320999,PASS,0,0
67245311133233,11,1388920,60,0.259935,PASS,0,0
67254311131133,11,3304921,144,0.337734,PASS,0,0
67254313311113,11,2005624,92,0.292721,PASS,0,0
67312452233321,11,3053132,128,0.333536,PASS,0,0
67312541121221,11,1517510,65,0.253941,PASS,0,0
67312542221111,11,2395261,103,0.292469,PASS,0,0
67321451111123,11,2341655,101,0.289761,PASS,0,0
67321451112311,11,2529420,109,0.296243,PASS,0,0
67321451212211,11,2883202,123,0.312524,PASS,0,0
67321451311133,11,2404393,104,0.294061,PASS,0,0
67321452111122,11,2548613,114,0.304609,PASS,0,0
67321453113311,11,2062037,89,0.291124,PASS,0,0
67321542232133,11,2886714,127,0.315810,PASS,0,0
67341252222323,11,1677724,72,0.260451,PASS,0,0
67342512222113,11,1416918,61,0.247679,PASS,0,0
67345122223133,11,3110599,140,0.328896,PASS,0,0
67345122232133,11,4305112,191,0.386860,PASS,0,0
67345211111123,11,2241478,100,0.294380,PASS,0,0
67345211111132,11,2548279,108,0.320133,PASS,0,0
67345211112233,11,2544806,111,0.310540,PASS,0,0
67345211113322,11,2622108,111,0.301091,PASS,0,0
67345211211122,11,2477039,108,0.297506,PASS,0,0
67345211311133,11,2590251,108,0.300072,PASS,0,0
67345212111122,11,2110936,90,0.286171,PASS,0,0
67345213111133,11,2565311,112,0.312275,PASS,0,0
67354121111111,11,2902673,126,0.315396,PASS,0,0
67354211212121,11,1901316,81,0.271701,PASS,0,0
67354211313113,11,3178338,144,0.344841,PASS,0,0
67354211333111,11,3288386,144,0.332437,PASS,0,0
67354212111221,11,1910424,81,0.274773,PASS,0,0
67354212212222,11,4841303,215,0.411340,PASS,0,0
67354212311132,11,2614066,115,0.301546,PASS,0,0
67354213111313,11,1853236,79,0.276295,PASS,0,0
67354213131311,11,2200391,95,0.288413,PASS,0,0
67354213211132,11,3463526,154,0.344466,PASS,0,0
67354213313333,11,3441510,150,0.345717,PASS,0,0
67412353132121,11,2691390,115,0.309361,PASS,0,0
67412353332221,11,1878315,85,0.272365,PASS,0,0
67412531131133,11,2197938,94,0.283242,PASS,0,0
67435121332112,11,1211648,54,0.248759,PASS,0,0
67435123123121,11,1250226,56,0.248189,PASS,0,0
67452313321232,11,2292105,97,0.287116,PASS,0,0
71234563231322,11,2312423,103,0.295909,PASS,0,0
71263541333222,11,4543044,205,0.398667,PASS,0,0
71263542323123,11,4598668,192,0.380609,PASS,0,0
71264533131323,11,2088714,91,0.290163,PASS,0,0
71264533221323,11,2105662,89,0.291495,PASS,0,0
71264533231223,11,2169365,92,0.288800,PASS,0,0
71264533231313,11,2231785,94,0.293457,PASS,0,0
71326451211311,11,2340133,101,0.300392,PASS,0,0
71326453132121,11,1810865,83,0.281288,PASS,0,0
71326543333313,11,3700474,163,0.354736,PASS,0,0
71345262132131,11,1708777,76,0.278914,PASS,0,0
71362453113311,11,1788338,83,0.280725,PASS,0,0
71365423331312,11,3034760,134,0.326400,PASS,0,0
71423563213232,11,1297039,60,0.255301,PASS,0,0
71423653213232,11,2064810,87,0.283137,PASS,0,0
71426353312211,11,2332509,104,0.298198,PASS,0,0
71426533333223,11,2562611,111,0.310025,PASS,0,0
71432561232323,11,2224430,94,0.296876,PASS,0,0
71432561323232,11,2232302,100,0.290164,PASS,0,0
71432562111221,11,2280725,98,0.293400,PASS,0,0
71432563232213,11,2147517,93,0.288275,PASS,0,0
71432563323113,11,1567134,70,0.260226,PASS,0,0
71432563323122,11,1956064,84,0.272198,PASS,0,0
71432563332113,11,2558515,108,0.298606,PASS,0,0
71435261322233,11,2599689,109,0.298597,PASS,0,0
71435262222122,11,1669719,74,0.266370,PASS,0,0
71435263211123,11,2622721,110,0.322870,PASS,0,0
71435263311122,11,2535472,112,0.312713,PASS,0,0
71435263333133,11,1929977,83,0.269980,PASS,0,0
71435263333223,11,2531899,108,0.301601,PASS,0,0
71435623333331,11,3038297,132,0.325475,PASS,0,0
71436253333112,11,4581233,206,0.401689,PASS,0,0
71452363213232,11,2031351,87,0.294333,PASS,0,0
71452632222131,11,2411068,103,0.308706,PASS,0,0
71453262222221,11,2340653,99,0.287904,PASS,0,0
71453623311122,11,3911697,169,0.367698,PASS,0,0
71456321322323,11,2163221,97,0.298454,PASS,0,0
71456322111221,11,1819095,77,0.265816,PASS,0,0
71462531113322,11,3659411,162,0.351652,PASS,0,0
71462532111212,11,1667296,73,0.261591,PASS,0,0
71462532121112,11,1519559,69,0.260737,PASS,0,0
71462533111223,11,3311962,138,0.340051,PASS,0,0
71462533221113,11,2205651,94,0.286495,PASS,0,0
71463523331222,11,1605034,74,0.260747,PASS,0,0
71523463131311,11,3222595,140,0.325584,PASS,0,0
71523463231313,11,3414595,152,0.337230,PASS,0,0
71523463331312,11,2307036,107,0.299284,PASS,0,0
71532463221332,11,1492176,70,0.266487,PASS,0,0
71534262122222,11,1895111,82,0.282087,PASS,0,0
71542633132322,11,2339078,100,0.292049,PASS,0,0
71543622111131,11,1989476,86,0.277753,PASS,0,0
71543623111121,11,1995934,85,0.272063,PASS,0,0
71546233331213,11,2312084,98,0.301619,PASS,0,0
71546322231212,11,1981412,86,0.277446,PASS,0,0
71562433123232,11,2163815,94,0.285326,PASS,0,0
71563243221221,11,1626057,70,0.262338,PASS,0,0
71625433213133,11,3346202,145,0.342852,PASS,0,0
71643252231212,11,1880537,81,0.269601,PASS,0,0
71643523331213,11,4096087,186,0.394589,PASS,0,0
72134562312212,11,2089649,88,0.283733,PASS,0,0
72136541322233,11,2171812,95,0.296358,PASS,0,0
72143563222331,11,1617785,75,0.283429,PASS,0,0
72143651121113,11,2259296,95,0.285352,PASS,0,0
72143651131112,11,2544039,110,0.304557,PASS,0,0
72143651213111,11,2294802,100,0.289619,PASS,0,0
72143651312111,11,2293389,97,0.287922,PASS,0,0
72143652111311,11,2240980,97,0.283609,PASS,0,0
72143653111211,11,2363362,107,0.312268,PASS,0,0
72145631233223,11,2568493,108,0.305375,PASS,0,0
72145633232231,11,1803412,78,0.273606,PASS,0,0
72145633312223,11,6663022,295,0.484196,PASS,0,0
72146352232223,11,1922957,85,0.280783,PASS,0,0
72163452122222,11,2589145,109,0.298707,PASS,0,0
72163453121213,11,2335644,102,0.298731,PASS,0,0
72163453131212,11,3430101,153,0.349040,PASS,0,0
72163453133333,11,2505817,111,0.304693,PASS,0,0
72163453331333,11,2503213,110,0.296891,PASS,0,0
72164353131113,11,2048022,91,0.280653,PASS,0,0
72165431113331,11,1388042,60,0.252796,PASS,0,0
72165432111113,11,2523885,113,0.314065,PASS,0,0
72165432111122,11,1886307,82,0.270824,PASS,0,0
72165432211112,11,1812428,78,0.276214,PASS,0,0
72165432323312,11,1619610,71,0.265167,PASS,0,0
72165433111112,11,2523830,108,0.297644,PASS,0,0
72165433121333,11,2611511,110,0.302687,PASS,0,0
72165433221233,11,1545583,66,0.254643,PASS,0,0
72165433233323,11,3267815,142,0.341841,PASS,0,0
72165433321223,11,1640826,75,0.264532,PASS,0,0
72165433331213,11,2486439,108,0.306486,PASS,0,0
72345611111111,11,3559942,165,0.361462,PASS,0,0
72345611133113,11,1583981,73,0.262980,PASS,0,0
72345611221223,11,1472647,63,0.253830,PASS,0,0
72345611222222,11,1996691,85,0.285799,PASS,0,0
72345611331332,11,1731749,74,0.277540,PASS,0,0
72345612122111,11,2012770,89,0.278602,PASS,0,0
72345612331331,11,1471398,63,0.253502,PASS,0,0
72345613221221,11,1570888,72,0.263018,PASS,0,0
72345613333331,11,2373093,102,0.297399,PASS,0,0
72356141112323,11,2619934,112,0.302733,PASS,0,0
72356141232113,11,3197194,142,0.337246,PASS,0,0
72356143211123,11,3194424,142,0.330311,PASS,0,0
72361453232333,11,2125948,93,0.278848,PASS,0,0
72361542333233,11,3528020,147,0.341780,PASS,0,0
72365412222212,11,1888003,82,0.275112,PASS,0,0
72365413121312,11,3753043,160,0.346702,PASS,0,0
72365413131212,11,2964990,129,0.319817,PASS,0,0
72365413331333,11,3591412,151,0.350833,PASS,0,0
72435163333313,11,4508617,198,0.400193,PASS,0,0
72513641232323,11,1780574,76,0.258983,PASS,0,0
72513641233322,11,2297502,106,0.299177,PASS,0,0
72516342313223,11,2679323,114,0.303179,PASS,0,0
72531463321232,11,2219585,96,0.293369,PASS,0,0
72534163211123,11,2415861,108,0.300580,PASS,0,0
72541631111213,11,2984332,133,0.331490,PASS,0,0
72541631111312,11,2711307,115,0.305471,PASS,0,0
72541631112131,11,1469515,64,0.266503,PASS,0,0
72541631113121,11,2042407,88,0.279406,PASS,0,0
72541632131111,11,2499349,108,0.298851,PASS,0,0
72541633121111,11,3721000,158,0.346828,PASS,0,0
72543162311111,11,1941302,84,0.280771,PASS,0,0
72543163211111,11,1721020,73,0.269250,PASS,0,0
72543611221223,11,1459503,64,0.254415,PASS,0,0
72543611223221,11,1728987,75,0.260297,PASS,0,0
72543611331332,11,1709547,78,0.263706,PASS,0,0
72543611332331,11,1944168,87,0.273069,PASS,0,0
72543612331331,11,1439884,64,0.261474,PASS,0,0
72543613132232,11,2354824,102,0.295797,PASS,0,0
72543613133222,11,2819463,121,0.315716,PASS,0,0
72543613221221,11,1629981,71,0.269568,PASS,0,0
72543613223312,11,2766002,121,0.314388,PASS,0,0
72543613322312,11,2505848,107,0.295182,PASS,0,0
72546311323112,11,1982759,87,0.283185,PASS,0,0
72546313323212,11,2283060,99,0.287893,PASS,0,0
72561342313223,11,2923587,136,0.328491,PASS,0,0
72561432213122,11,2399551,110,0.304914,PASS,0,0
72561433221233,11,2509316,105,0.297963,PASS,0,0
72561433311233,11,3024557,127,0.327298,PASS,0,0
72561433321133,11,2720805,115,0.305034,PASS,0,0
72561433321223,11,1959096,83,0.282236,PASS,0,0
72563411111213,11,2423509,107,0.308882,PASS,0,0
72563411111312,11,2974985,125,0.315578,PASS,0,0
72563411112131,11,2316382,98,0.289671,PASS,0,0
72563411113121,11,1638798,74,0.276545,PASS,0,0
72563412131111,11,2416350,107,0.299733,PASS,0,0
72563413121111,11,2914905,127,0.319196,PASS,0,0
72643513212311,11,3224135,142,0.333082,PASS,0,0
72643513212332,11,2268837,98,0.285129,PASS,0,0
73125463133132,11,1880307,82,0.285883,PASS,0,0
73146522113231,11,1727644,74,0.271486,PASS,0,0
73246153312211,11,2346998,100,0.290976,PASS,0,0
73456123231322,11,1533298,67,0.260252,PASS,0,0
73516243323113,11,2571754,114,0.299566,PASS,0,0
73516243332131,11,1808465,78,0.266939,PASS,0,0
73541262321212,11,2964715,133,0.322390,PASS,0,0
73542163321133,11,2505449,106,0.291013,PASS,0,0
73542613132121,11,3070377,136,0.332411,PASS,0,0
73542613132322,11,2089032,91,0.280925,PASS,0,0
73564213321322,11,2350410,103,0.296836,PASS,0,0
73614251112323,11,2295170,105,0.302464,PASS,0,0
73615241112323,11,2757590,128,0.330227,PASS,0,0
73615241113322,11,2722469,120,0.309709,PASS,0,0
73615242223133,11,3063343,133,0.330545,PASS,0,0
73615243123313,11,2745793,115,0.305828,PASS,0,0
73615243213313,11,2617351,111,0.303052,PASS,0,0
73615243331312,11,1801536,79,0.281077,PASS,0,0
73615243332311,11,1811718,78,0.272953,PASS,0,0
73615421113322,11,2446013,107,0.297922,PASS,0,0
73615423213211,11,2953745,123,0.315399,PASS,0,0
73615423333331,11,2282504,97,0.296525,PASS,0,0
73624513121132,11,4297399,192,0.385868,PASS,0,0
73624513332131,11,2687726,114,0.310586,PASS,0,0
73625141112323,11,2597766,115,0.312009,PASS,0,0
73625143121213,11,2559826,110,0.301608,PASS,0,0
73625143333313,11,2527368,109,0.297990,PASS,0,0
73625412222323,11,1681306,75,0.269228,PASS,0,0
73642511111111,11,3024002,136,0.360708,PASS,0,0
73642511113232,11,2894373,124,0.319672,PASS,0,0
73642511113322,11,4011476,166,0.368075,PASS,0,0
73642513223222,11,2592408,114,0.318118,PASS,0,0
73645121113211,11,2590337,110,0.296656,PASS,0,0
73645122222311,11,1394341,61,0.255262,PASS,0,0
73645211223113,11,1724730,74,0.256389,PASS,0,0
73645211231111,11,2539249,109,0.300599,PASS,0,0
73645211321111,11,2198531,93,0.282349,PASS,0,0
73645211332112,11,1579146,72,0.264648,PASS,0,0
73645213112231,11,2329780,98,0.287056,PASS,0,0
73645213333112,11,2829771,128,0.328278,PASS,0,0
73651241113322,11,3104980,130,0.318980,PASS,0,0
73652413211312,11,2254348,100,0.302232,PASS,0,0
73652413331321,11,1959573,91,0.292072,PASS,0,0
73654122111122,11,2945688,127,0.316470,PASS,0,0
73654122221111,11,1567029,67,0.264660,PASS,0,0
73654211111132,11,1944981,87,0.276016,PASS,0,0
74123563323221,11,1338911,58,0.253974,PASS,0,0
74123652322121,11,2336138,100,0.291518,PASS,0,0
74123653132232,11,3227416,135,0.340509,PASS,0,0
74123653133132,11,2080888,92,0.283312,PASS,0,0
74123653133222,11,2258028,98,0.305554,PASS,0,0
74123653133231,11,1941169,84,0.281734,PASS,0,0
74125631313311,11,1559787,67,0.259468,PASS,0,0
74125632121121,11,1920537,86,0.282255,PASS,0,0
74125632122111,11,1716813,75,0.265424,PASS,0,0
74125632131111,11,2586218,111,0.301908,PASS,0,0
74125632321332,11,2037642,95,0.297467,PASS,0,0
74125633121111,11,3022635,129,0.333414,PASS,0,0
74125633131233,11,2343915,107,0.304687,PASS,0,0
74125633132232,11,1738345,80,0.275914,PASS,0,0
74125633133222,11,1956541,95,0.303295,PASS,0,0
74125633133312,11,3116869,140,0.345392,PASS,0,0
74125633332323,11,2391494,105,0.295737,PASS,0,0
74126352333122,11,2647564,119,0.299247,PASS,0,0
74132561321231,11,2614025,114,0.305987,PASS,0,0
74132562121121,11,1419107,65,0.249276,PASS,0,0
74132562122111,11,1293973,58,0.249048,PASS,0,0
74132563131221,11,3173587,138,0.322506,PASS,0,0
74132563132112,11,2616708,116,0.292352,PASS,0,0
74136522322121,11,2057415,91,0.288653,PASS,0,0
74152363132232,11,1793598,78,0.261754,PASS,0,0
74152363133132,11,2055412,87,0.282104,PASS,0,0
74152363133222,11,2012147,89,0.284541,PASS,0,0
74152363133231,11,2096217,92,0.282025,PASS,0,0
74156322122123,11,1416111,67,0.257210,PASS,0,0
74156322122321,11,1432200,66,0.260391,PASS,0,0
74156322313223,11,2089398,91,0.295107,PASS,0,0
74156323132331,11,3427822,155,0.346025,PASS,0,0
74156323133123,11,3706076,163,0.352118,PASS,0,0
74163251121122,11,1532438,67,0.266353,PASS,0,0
74163252112211,11,1371880,61,0.252798,PASS,0,0
74163252131111,11,3013920,126,0.310775,PASS,0,0
74163253121111,11,3118028,137,0.328934,PASS,0,0
74163253131332,11,3911198,176,0.379198,PASS,0,0
74163253133132,11,1309186,57,0.249032,PASS,0,0
74163253133213,11,4008973,168,0.366277,PASS,0,0
74163253133231,11,1392827,60,0.257048,PASS,0,0
74163253332323,11,2184130,93,0.285752,PASS,0,0
74165231121212,11,1595261,70,0.259099,PASS,0,0
74165231131313,11,2606774,175,0.377885,PASS,0,0
74165231212121,11,2211965,102,0.299821,PASS,0,0
74165231313131,11,1730128,80,0.276630,PASS,0,0
74165232111212,11,1566416,67,0.255013,PASS,0,0
74165232121112,11,1655166,71,0.269907,PASS,0,0
74165232121211,11,1617614,70,0.263826,PASS,0,0
74165233111313,11,2640201,112,0.302999,PASS,0,0
74165233131113,11,3757159,168,0.359182,PASS,0,0
74165233131311,11,3815903,174,0.365923,PASS,0,0
74165233131323,11,3618185,155,0.369101,PASS,0,0
74165233132313,11,3884967,174,0.364226,PASS,0,0
74165233231313,11,2391073,110,0.299499,PASS,0,0
74213652323132,11,1806015,77,0.268620,PASS,0,0
74251633111313,11,2662882,118,0.310132,PASS,0,0
74256311321222,11,2971328,133,0.327619,PASS,0,0
74256313111232,11,4473612,185,0.375523,PASS,0,0
74265312333233,11,2073721,94,0.295224,PASS,0,0
74312652333332,11,2053833,87,0.285210,PASS,0,0
74321563311131,11,2522469,107,0.302875,PASS,0,0
74321653233323,11,2020899,86,0.279171,PASS,0,0
74325163131323,11,2990136,133,0.333824,PASS,0,0
74325612221222,11,1793175,79,0.281726,PASS,0,0
74325613121312,11,3374253,149,0.336754,PASS,0,0
74325613131212,11,3860331,176,0.374145,PASS,0,0
74325613133333,11,3709806,160,0.355628,PASS,0,0
74361253112132,11,5377925,225,0.420465,PASS,0,0
74361253211231,11,1957277,86,0.278825,PASS,0,0
74365211121221,11,1434536,61,0.261842,PASS,0,0
74365211213111,11,1847555,86,0.278495,PASS,0,0
74365211312111,11,1622565,74,0.267410,PASS,0,0
74365211313113,11,2213058,93,0.282293,PASS,0,0
74365211333111,11,2370078,102,0.292358,PASS,0,0
74365212111311,11,2984509,133,0.329349,PASS,0,0
74365212222323,11,1390556,62,0.260072,PASS,0,0
74365212333332,11,1796231,77,0.266831,PASS,0,0
74365213111211,11,3873469,161,0.349786,PASS,0,0
74365213121333,11,2799124,118,0.312502,PASS,0,0
74512361322233,11,1964644,85,0.276111,PASS,0,0
74512362313223,11,1869620,81,0.276628,PASS,0,0
74513263121222,11,2492186,109,0.299703,PASS,0,0
74521632222212,11,4400110,185,0.377180,PASS,0,0
74521633121213,11,3757196,167,0.357558,PASS,0,0
74521633121312,11,4060233,171,0.368076,PASS,0,0
74521633133333,11,2172068,92,0.289456,PASS,0,0
74521633333313,11,4686068,207,0.404929,PASS,0,0
74523611121113,11,2019198,86,0.276598,PASS,0,0
74523611131112,11,2642688,114,0.305420,PASS,0,0
74523611213111,11,2198783,94,0.282915,PASS,0,0
74523611312111,11,2260121,98,0.293690,PASS,0,0
74523612111311,11,2239267,95,0.288226,PASS,0,0
74523613111211,11,2206235,93,0.295431,PASS,0,0
74532163123223,11,2453255,107,0.301842,PASS,0,0
74561231111222,11,1639846,71,0.272599,PASS,0,0
74561232111113,11,2775553,120,0.304730,PASS,0,0
74561232221111,11,1880135,83,0.279794,PASS,0,0
74561233111112,11,2960248,125,0.317689,PASS,0,0
74561233131233,11,2253258,97,0.298881,PASS,0,0
74561233233323,11,3288226,144,0.350282,PASS,0,0
74561233311233,11,1813676,79,0.274051,PASS,0,0
74561233321133,11,1278676,55,0.249124,PASS,0,0
74561233321313,11,2789945,121,0.315875,PASS,0,0
74563211232332,11,2397505,104,0.296190,PASS,0,0
74653213133222,11,2792173,119,0.308175,PASS,0,0
75132463233233,11,2642395,114,0.309638,PASS,0,0
75143263231313,11,2296629,98,0.286928,PASS,0,0
75146321323331,11,2164404,93,0.284982,PASS,0,0
75213642223133,11,2403004,104,0.291917,PASS,0,0
75231463211123,11,3573417,149,0.338170,PASS,0,0
75234161322233,11,1947975,92,0.282826,PASS,0,0
75234162221111,11,2225188,95,0.284306,PASS,0,0
75236143213232,11,2218110,95,0.288321,PASS,0,0
75241632222323,11,1899552,84,0.290411,PASS,0,0
75243162211322,11,3953715,175,0.367587,PASS,0,0
75243611113232,11,2022958,92,0.286550,PASS,0,0
75243613213232,11,2158520,101,0.295222,PASS,0,0
75246131333312,11,2324475,104,0.299630,PASS,0,0
75246311111111,11,5141647,229,0.417257,PASS,0,0
75246313212311,11,2491200,107,0.306856,PASS,0,0
75246313312211,11,2918059,122,0.310570,PASS,0,0
75246313332332,11,2168770,93,0.287911,PASS,0,0
75261432123233,11,2410149,108,0.305412,PASS,0,0
75264132121232,11,1636904,73,0.267280,PASS,0,0
75264132223331,11,1770698,76,0.266384,PASS,0,0
75264132321212,11,1501594,65,0.264896,PASS,0,0
75264133121333,11,2268601,102,0.304248,PASS,0,0
75264133331213,11,3141480,144,0.332990,PASS,0,0
75264311223122,11,2129066,92,0.291665,PASS,0,0
75264313231112,11,3107379,138,0.332770,PASS,0,0
75312463333133,11,4145498,182,0.372105,PASS,0,0
75314621133221,11,2749526,122,0.320189,PASS,0,0
75314621313212,11,6874205,305,0.493136,PASS,0,0
75314623113122,11,2236707,101,0.294030,PASS,0,0
75316241231231,11,1864035,79,0.270334,PASS,0,0
75321461311112,11,4304589,178,0.363839,PASS,0,0
75321463132121,11,2137273,95,0.295463,PASS,0,0
75346122133133,11,1438850,66,0.249827,PASS,0,0
75346211133122,11,2910471,122,0.313442,PASS,0,0
75346211211311,11,2945016,123,0.309409,PASS,0,0
75346211311211,11,3249620,144,0.329129,PASS,0,0
75346212323333,11,1869295,83,0.277466,PASS,0,0
75346213112132,11,2164650,94,0.307678,PASS,0,0
75346213132121,11,2386906,103,0.299046,PASS,0,0
75346213132322,11,2433269,103,0.302378,PASS,0,0
75346213332122,11,2116110,90,0.292473,PASS,0,0
75412631223332,11,2435628,104,0.306127,PASS,0,0
75416323232213,11,2210688,94,0.289807,PASS,0,0
75431263133213,11,2864577,121,0.317862,PASS,0,0
75462132123212,11,2285758,101,0.300563,PASS,0,0
75613243131332,11,2825628,124,0.328669,PASS,0,0
75613243133213,11,3343810,140,0.353182,PASS,0,0
75634123323122,11,2134578,91,0.285401,PASS,0,0
75641323232111,11,1993990,85,0.291391,PASS,0,0
75642132213311,11,2213720,93,0.283367,PASS,0,0
76123453233323,11,1816970,78,0.272368,PASS,0,0
76125343333133,11,3109265,133,0.324941,PASS,0,0
76143252131312,11,2286400,98,0.292810,PASS,0,0
76143252221222,11,2083971,88,0.288771,PASS,0,0
76143253131212,11,4033109,172,0.364650,PASS,0,0
76143253331333,11,1644999,71,0.265374,PASS,0,0
76143253333313,11,2980731,128,0.325075,PASS,0,0
76145231121113,11,3059862,134,0.325058,PASS,0,0
76145231122112,11,2850601,126,0.332545,PASS,0,0
76145231131112,11,3316415,146,0.338128,PASS,0,0
76145231221112,11,2967909,125,0.318075,PASS,0,0
76145231311331,11,1472747,66,0.256896,PASS,0,0
76145232123332,11,1455585,64,0.271562,PASS,0,0
76145232233213,11,2281757,98,0.283684,PASS,0,0
76145232331313,11,2763769,122,0.315087,PASS,0,0
76145232332213,11,2615432,114,0.304149,PASS,0,0
76145233133213,11,2219452,94,0.294364,PASS,0,0
76145233232333,11,2424175,103,0.303709,PASS,0,0
76154323333112,11,2374273,106,0.299061,PASS,0,0
76213543213133,11,2886728,121,0.310589,PASS,0,0
76213543311332,11,2021981,89,0.287757,PASS,0,0
76215341231231,11,1638231,73,0.265657,PASS,0,0
76215433333133,11,3501196,154,0.338665,PASS,0,0
76231451123111,11,4138859,171,0.365888,PASS,0,0
76245311121131,11,3137951,137,0.333601,PASS,0,0
76245311131121,11,2406439,102,0.296422,PASS,0,0
76245311213312,11,3463651,145,0.337030,PASS,0,0
76245312132131,11,1669313,73,0.262815,PASS,0,0
76245313122122,11,2237575,96,0.285928,PASS,0,0
76245313123121,11,1617953,70,0.265818,PASS,0,0
76253141123132,11,3344655,147,0.341186,PASS,0,0
76253141211332,11,3027572,129,0.313781,PASS,0,0
76253413322312,11,1826003,78,0.266510,PASS,0,0
76254133311323,11,2722373,118,0.315222,PASS,0,0
76254313211111,11,4268596,191,0.387086,PASS,0,0
76312452212111,11,2938840,129,0.321262,PASS,0,0
76312453211111,11,2435875,104,0.298535,PASS,0,0
76312453311311,11,1989709,86,0.286041,PASS,0,0
76312542321212,11,1541620,67,0.265904,PASS,0,0
76312542322121,11,1438600,68,0.258266,PASS,0,0
76312543322222,11,2654174,117,0.307940,PASS,0,0
76315241112113,11,2471566,107,0.305257,PASS,0,0
76315241113112,11,2301979,101,0.292489,PASS,0,0
76315241223113,11,1890770,84,0.276781,PASS,0,0
76315241322122,11,1564015,69,0.257615,PASS,0,0
76315241323313,11,2387209,107,0.290962,PASS,0,0
76315241332112,11,1773674,76,0.271238,PASS,0,0
76315243211231,11,1829284,79,0.264444,PASS,0,0
76315243323323,11,1876612,84,0.276465,PASS,0,0
76321452122123,11,1462565,63,0.255658,PASS,0,0
76321452122321,11,1507236,67,0.269171,PASS,0,0
76321452122333,11,1697099,72,0.256175,PASS,0,0
76321452123323,11,1947382,84,0.272690,PASS,0,0
76321452212231,11,2413287,105,0.295792,PASS,0,0
76321452213122,11,2418310,109,0.296120,PASS,0,0
76321453233131,11,1541773,69,0.271516,PASS,0,0
76321453311233,11,3436394,145,0.342240,PASS,0,0
76321453313312,11,2719291,122,0.318569,PASS,0,0
76321453321133,11,2325645,102,0.297039,PASS,0,0
76321453323311,11,2701848,115,0.308503,PASS,0,0
76321542211112,11,2746330,118,0.312804,PASS,0,0
76321543211111,11,2919670,130,0.333392,PASS,0,0
76321543311131,11,2277587,100,0.297689,PASS,0,0
76324151112233,11,1947637,86,0.292883,PASS,0,0
76324151112323,11,2313313,100,0.289747,PASS,0,0
76324153323122,11,1824984,80,0.278024,PASS,0,0
76325411111213,11,2477545,109,0.313837,PASS,0,0
76325411111312,11,4248780,189,0.383832,PASS,0,0
76325411112131,11,2764375,118,0.313426,PASS,0,0
76325411113121,11,2158226,95,0.297767,PASS,0,0
76325411122121,11,1578766,73,0.266287,PASS,0,0
76325411331311,11,1895473,80,0.286659,PASS,0,0
76325412112121,11,2149017,98,0.297460,PASS,0,0
76325412231212,11,3233012,140,0.337932,PASS,0,0
76325412333233,11,1871814,84,0.276015,PASS,0,0
76325413222223,11,1909712,82,0.270576,PASS,0,0
76341251111213,11,2792216,128,0.325088,PASS,0,0
76341251111312,11,3128346,141,0.332809,PASS,0,0
76341251112131,11,2858863,120,0.316476,PASS,0,0
76341251113121,11,3001827,133,0.332530,PASS,0,0
76341251221121,11,1890521,87,0.282688,PASS,0,0
76341251311313,11,2063641,95,0.284950,PASS,0,0
76341252232313,11,1989327,89,0.290683,PASS,0,0
76341252323333,11,1451581,64,0.259989,PASS,0,0
76341253221212,11,3007699,126,0.331416,PASS,0,0
76341253233131,11,1577336,70,0.263863,PASS,0,0
76342511111231,11,2159514,93,0.288365,PASS,0,0
76342511111321,11,2588147,117,0.309627,PASS,0,0
76342511323112,11,1690047,78,0.266164,PASS,0,0
76342512232223,11,1836428,81,0.274515,PASS,0,0
76342513213112,11,3176231,139,0.341901,PASS,0,0
76342513322111,11,2374649,113,0.313663,PASS,0,0
76342513323122,11,2255925,100,0.297245,PASS,0,0
76342513323212,11,2056505,88,0.283764,PASS,0,0
76345122211112,11,2609626,115,0.307142,PASS,0,0
76345122211121,11,2398459,101,0.295479,PASS,0,0
76345122213311,11,2196459,94,0.287059,PASS,0,0
76345122311111,11,2582808,116,0.307189,PASS,0,0
76345123211111,11,2257130,97,0.298233,PASS,0,0
76345123311113,11,2472940,105,0.298903,PASS,0,0
76345123311131,11,2245011,99,0.289495,PASS,0,0
76345123312211,11,1925382,81,0.286203,PASS,0,0
76351421112323,11,2623413,120,0.306257,PASS,0,0
76351421113322,11,1809792,77,0.270754,PASS,0,0
76351423321232,11,1555970,70,0.253093,PASS,0,0
76354121121212,11,1600516,68,0.257951,PASS,0,0
76354121122121,11,1399901,61,0.261430,PASS,0,0
76354121311313,11,1578848,68,0.267827,PASS,0,0
76354121313131,11,1805370,78,0.275727,PASS,0,0
76354122111212,11,1520457,74,0.274794,PASS,0,0
76354122112121,11,1556932,68,0.256838,PASS,0,0
76354122212222,11,3246998,137,0.320414,PASS,0,0
76354123211123,11,2589873,114,0.320834,PASS,0,0
76354123211132,11,2381709,105,0.293432,PASS,0,0
76354123313333,11,4172335,186,0.384311,PASS,0,0
76354212213323,11,1907807,91,0.281677,PASS,0,0
76354212312233,11,2703161,120,0.328180,PASS,0,0
76354212313322,11,2611602,118,0.306852,PASS,0,0
76354212333332,11,1829497,81,0.283297,PASS,0,0
76354213222223,11,1780484,77,0.273139,PASS,0,0
76354213312223,11,2476851,113,0.315682,PASS,0,0
76421351131121,11,1853797,82,0.287949,PASS,0,0
76512343213313,11,3455328,149,0.339021,PASS,0,0
76512343332311,11,2933606,123,0.330994,PASS,0,0
76514321112323,11,2243091,95,0.288599,PASS,0,0
76514321232113,11,2582605,110,0.299035,PASS,0,0
76521433232333,11,1990675,85,0.273364,PASS,0,0
76523413223231,11,2226231,96,0.284552,PASS,0,0
76524313331222,11,2428436,109,0.295038,PASS,0,0
76541232131213,11,4035602,176,0.372729,PASS,0,0
76541232221222,11,3739148,168,0.358511,PASS,0,0
76541233121213,11,4072752,176,0.368191,PASS,0,0
76541233331333,11,3552882,148,0.338483,PASS,0,0
76541233333313,11,2404785,107,0.307690,PASS,0,0
76543211111111,11,5006036,209,0.400063,PASS,0,0
76543211212112,11,2328144,103,0.297558,PASS,0,0
76543211223221,11,2047867,93,0.284228,PASS,0,0
76543211332331,11,2343317,104,0.298233,PASS,0,0
76543211333333,11,2041311,88,0.286337,PASS,0,0
76543212132323,11,1435482,66,0.261651,PASS,0,0
76543212222221,11,2123485,93,0.282440,PASS,0,0
76543212323213,11,1464610,63,0.252948,PASS,0,0
76543213113131,11,1831756,83,0.278546,PASS,0,0
