state,solution_length,retired_instructions,model_execution_ms,process_wall_seconds,status,host_exit_code,guest_exit_code
12345672121232,11,2376627,199,0.598068,PASS,0,0
12345672123212,11,1937951,83,0.266548,PASS,0,0
12345672321212,11,2376278,99,0.280800,PASS,0,0
12345673131323,11,2265578,145,0.519181,PASS,0,0
12345673132313,11,2348864,102,0.296619,PASS,0,0
12345673231313,11,2537354,107,0.287446,PASS,0,0
12345761111111,11,9000563,366,0.551985,PASS,0,0
12346571111231,11,7401556,300,0.491018,PASS,0,0
12346751113133,11,2646970,110,0.293812,PASS,0,0
12347561112212,11,2460515,104,0.287799,PASS,0,0
12347651111111,11,17601370,833,1.015142,PASS,0,0
12347651122112,11,2706999,115,0.304158,PASS,0,0
12347651133311,11,2249681,97,0.295087,PASS,0,0
12347652111221,11,1554304,66,0.246341,PASS,0,0
12347652123233,11,2765690,115,0.297586,PASS,0,0
12347652123332,11,3458180,142,0.325789,PASS,0,0
12347652223232,11,1884721,80,0.266907,PASS,0,0
12347653111133,11,1757629,77,0.259187,PASS,0,0
12347653132223,11,2388792,101,0.283690,PASS,0,0
12347653132322,11,2585965,108,0.286067,PASS,0,0
12347653332323,11,2159022,91,0.275130,PASS,0,0
12354671111111,11,3961692,162,0.346683,PASS,0,0
12354761112323,11,14320672,578,0.763439,PASS,0,0
12354762121112,11,2413355,102,0.289841,PASS,0,0
12354762121211,11,2698534,112,0.290992,PASS,0,0
12354762311123,11,3683423,158,0.345503,PASS,0,0
12354763131131,11,2364873,101,0.282597,PASS,0,0
12354763133111,11,2166286,92,0.282430,PASS,0,0
12354763211123,11,3235252,134,0.324973,PASS,0,0
12356471113133,11,3291042,139,0.324065,PASS,0,0
12356741133131,11,2787794,117,0.303150,PASS,0,0
12356741313131,11,2864211,123,0.327356,PASS,0,0
12356743113131,11,2742447,115,0.307091,PASS,0,0
12357461111222,11,3398510,141,0.328577,PASS,0,0
12357461113331,11,3617485,150,0.333240,PASS,0,0
12357462211112,11,3090832,130,0.316307,PASS,0,0
12357641113331,11,2763948,115,0.300016,PASS,0,0
12364571112212,11,3709001,154,0.335790,PASS,0,0
12364751112212,11,3366001,140,0.349749,PASS,0,0
12364751113133,11,2835418,119,0.302218,PASS,0,0
12364753311131,11,2355645,99,0.279887,PASS,0,0
12365471111111,11,14232200,576,0.758341,PASS,0,0
12365471211122,11,2422510,102,0.292088,PASS,0,0
12365471313113,11,1650796,72,0.253896,PASS,0,0
12365472223232,11,1744716,74,0.265798,PASS,0,0
12365472321233,11,1827696,78,0.266351,PASS,0,0
12365473232312,11,1602330,68,0.256943,PASS,0,0
12365473332323,11,2069204,91,0.274336,PASS,0,0
12365741113331,11,3433906,144,0.327783,PASS,0,0
12367451123333,11,3387241,142,0.323581,PASS,0,0
12367451132222,11,3034911,126,0.312994,PASS,0,0
12367451213333,11,2708564,115,0.305044,PASS,0,0
12367451312222,11,4322498,184,0.378202,PASS,0,0
12367452113333,11,3953443,164,0.352397,PASS,0,0
12367453112222,11,3087991,129,0.318055,PASS,0,0
12367541112212,11,3065347,129,0.316049,PASS,0,0
12367541113331,11,3942897,163,0.347821,PASS,0,0
12367541331131,11,2412102,104,0.292835,PASS,0,0
12374561121212,11,3003825,128,0.316661,PASS,0,0
12374561211212,11,2512546,106,0.294518,PASS,0,0
12374562111212,11,3329329,139,0.323855,PASS,0,0
12374651111222,11,3222421,139,0.329303,PASS,0,0
12375461111222,11,3441971,144,0.331509,PASS,0,0
12375641113112,11,4525243,189,0.378411,PASS,0,0
12376451111222,11,4034903,173,0.355003,PASS,0,0
12376451113133,11,3622119,151,0.339874,PASS,0,0
12376451221211,11,2641135,111,0.298257,PASS,0,0
12376541112323,11,12187040,496,0.683962,PASS,0,0
12376541232233,11,5206954,215,0.408102,PASS,0,0
12376541322233,11,2748341,115,0.304272,PASS,0,0
12376542121232,11,2315722,97,0.282965,PASS,0,0
12376542123212,11,2359803,102,0.285716,PASS,0,0
12376543133132,11,2208603,93,0.275691,PASS,0,0
12376543133231,11,2088649,91,0.279474,PASS,0,0
12456731132321,11,4804202,200,0.384220,PASS,0,0
12456731233223,11,2834293,118,0.306069,PASS,0,0
12456733223321,11,2089439,88,0.278913,PASS,0,0
12463751231231,11,2299869,96,0.282374,PASS,0,0
12467351131121,11,2770203,116,0.296441,PASS,0,0
12467351231321,11,2193825,93,0.282659,PASS,0,0
12473561132123,11,2812468,118,0.306334,PASS,0,0
12536741112323,11,3854528,162,0.346205,PASS,0,0
12537461332112,11,2213135,93,0.278533,PASS,0,0
12543671111111,11,4626113,192,0.381444,PASS,0,0
12543671211212,11,1974510,84,0.271516,PASS,0,0
12543671331113,11,2685995,113,0.301945,PASS,0,0
12543672121121,11,1749026,75,0.258309,PASS,0,0
12543672321332,11,1808534,81,0.263533,PASS,0,0
12543672322232,11,2529697,111,0.299548,PASS,0,0
12543672331232,11,1667709,72,0.261147,PASS,0,0
12543673111331,11,2683787,113,0.297342,PASS,0,0
12543673221323,11,1792976,76,0.256577,PASS,0,0
12543673231223,11,1748296,74,0.265376,PASS,0,0
12543673233323,11,3241503,136,0.323453,PASS,0,0
12546371221331,11,2727165,114,0.298762,PASS,0,0
12563472131213,11,2619143,114,0.302194,PASS,0,0
12563473131212,11,3110855,131,0.312733,PASS,0,0
12564733323122,11,1725043,74,0.259944,PASS,0,0
12567433232333,11,2286415,96,0.287102,PASS,0,0
12576343212221,11,2051763,90,0.274604,PASS,0,0
12637451132111,11,3900648,161,0.349444,PASS,0,0
12637451332112,11,2496592,106,0.294414,PASS,0,0
12643571321321,11,1900422,81,0.262488,PASS,0,0
12645371131121,11,4254489,175,0.360159,PASS,0,0
12673542331133,11,3091739,129,0.315504,PASS,0,0
12734561112323,11,2792946,118,0.305704,PASS,0,0
12734561322233,11,3927328,162,0.347030,PASS,0,0
12734562313223,11,3507635,145,0.327840,PASS,0,0
12745631111111,11,8088213,333,0.519244,PASS,0,0
12745632111122,11,2067716,90,0.278074,PASS,0,0
12745632212213,11,2582301,112,0.299305,PASS,0,0
12745632222221,11,2448158,105,0.293227,PASS,0,0
12745632232211,11,1746159,74,0.255408,PASS,0,0
12745633131131,11,2377737,100,0.287655,PASS,0,0
12745633313312,11,1640228,73,0.259791,PASS,0,0
12745633313333,11,2917373,122,0.310721,PASS,0,0
12745633323311,11,1738553,75,0.255399,PASS,0,0
12753462231323,11,2056973,92,0.280709,PASS,0,0
12763452322232,11,2795588,117,0.305829,PASS,0,0
12765432121313,11,3339521,139,0.328855,PASS,0,0
12765432222212,11,6324777,259,0.450451,PASS,0,0
12765433121213,11,3600566,149,0.337144,PASS,0,0
12765433331333,11,2012621,90,0.273902,PASS,0,0
13245671321111,11,8295088,340,0.527645,PASS,0,0
13246571111111,11,4886714,205,0.392117,PASS,0,0
13246571112233,11,2305115,97,0.283511,PASS,0,0
13246571113232,11,3462216,144,0.328657,PASS,0,0
13246572321332,11,2014445,86,0.282563,PASS,0,0
13246572331232,11,1837139,78,0.263996,PASS,0,0
13246573221233,11,1933888,82,0.270853,PASS,0,0
13246573321223,11,2015656,85,0.272455,PASS,0,0
13246752133211,11,2681621,113,0.294691,PASS,0,0
13247563212131,11,2359860,101,0.287022,PASS,0,0
13254761322233,11,4041659,167,0.349870,PASS,0,0
13254761323322,11,3722302,156,0.337564,PASS,0,0
13254762321233,11,2743110,115,0.304248,PASS,0,0
13254763323122,11,3093652,129,0.314864,PASS,0,0
13257641112233,11,3333830,141,0.328992,PASS,0,0
13265741112323,11,5120932,211,0.398793,PASS,0,0
13265742131312,11,4187697,178,0.365602,PASS,0,0
13267451122211,11,3176858,132,0.318906,PASS,0,0
13267451311133,11,2637603,111,0.301243,PASS,0,0
13267541111132,11,2576501,108,0.295060,PASS,0,0
13267541232212,11,1751999,76,0.264266,PASS,0,0
13274651112323,11,3635426,151,0.341072,PASS,0,0
13275461112233,11,3098357,129,0.315131,PASS,0,0
13275463213211,11,4031743,168,0.358717,PASS,0,0
13275641112233,11,3722785,156,0.343597,PASS,0,0
13275641112323,11,3560296,147,0.328646,PASS,0,0
13275642131333,11,2657003,111,0.294789,PASS,0,0
13275643212221,11,2457241,107,0.295778,PASS,0,0
13276451113211,11,3635355,152,0.340133,PASS,0,0
13276451233133,11,2075222,91,0.275898,PASS,0,0
13276541133122,11,3737348,160,0.348487,PASS,0,0
13276541213312,11,4674742,195,0.382939,PASS,0,0
13276541321123,11,3920712,162,0.350347,PASS,0,0
13276541322311,11,4280881,178,0.370637,PASS,0,0
13276541323112,11,3138697,131,0.318643,PASS,0,0
13276541323322,11,3294742,140,0.324687,PASS,0,0
13276542323312,11,2364004,101,0.287794,PASS,0,0
13276543323122,11,2770281,117,0.304072,PASS,0,0
13462571111111,11,9845067,406,0.588192,PASS,0,0
13462572213311,11,2715076,116,0.304075,PASS,0,0
13527461211113,11,3537054,147,0.333212,PASS,0,0
13542671231231,11,1849372,79,0.265741,PASS,0,0
13546271213213,11,2263787,96,0.283109,PASS,0,0
13546271231231,11,2856143,123,0.309608,PASS,0,0
13546271321321,11,2738325,114,0.302398,PASS,0,0
13572641122133,11,8591970,358,0.547484,PASS,0,0
13576241312213,11,4451460,183,0.371413,PASS,0,0
13576241321321,11,1686804,73,0.257478,PASS,0,0
13627451332112,11,2212817,93,0.284570,PASS,0,0
13642571221223,11,2533226,106,0.301720,PASS,0,0
13642571223221,11,2363722,102,0.290528,PASS,0,0
13642573221221,11,3021175,126,0.307576,PASS,0,0
13645271221331,11,2493670,105,0.290752,PASS,0,0
13647521111111,11,2881007,123,0.303350,PASS,0,0
13675241112323,11,2850969,128,0.317135,PASS,0,0
13675242331313,11,2623098,111,0.298127,PASS,0,0
13725642332132,11,2008262,85,0.273688,PASS,0,0
13754262123323,11,4664692,206,0.397881,PASS,0,0
13762451321321,11,2019705,87,0.278815,PASS,0,0
13764251211311,11,2096533,91,0.281093,PASS,0,0
13764252323231,11,1833680,80,0.265269,PASS,0,0
13765422121211,11,2390380,193,0.419442,PASS,0,0
14263751131121,11,2942914,135,0.396911,PASS,0,0
14267351321321,11,1920766,86,0.280496,PASS,0,0
14275633323122,11,1818015,77,0.273430,PASS,0,0
14325671111111,11,9302138,391,0.579573,PASS,0,0
14325672112121,11,2060905,98,0.293099,PASS,0,0
14325672231323,11,1841413,78,0.271450,PASS,0,0
14325672323222,11,2682261,116,0.304341,PASS,0,0
14325673123232,11,1884637,85,0.269549,PASS,0,0
14325673232333,11,2689640,114,0.297443,PASS,0,0
14325673311131,11,2546391,113,0.299291,PASS,0,0
14327652131213,11,4194363,179,0.462754,PASS,0,0
14327653121213,11,3317191,141,0.341357,PASS,0,0
14352672212111,11,2214647,94,0.286552,PASS,0,0
14356721112323,11,2754371,119,0.311529,PASS,0,0
14356721322233,11,3705595,156,0.356527,PASS,0,0
14367252322232,11,2805544,121,0.311533,PASS,0,0
14367523311113,11,3366672,140,0.330076,PASS,0,0
14523672121313,11,4036812,176,0.366932,PASS,0,0
14523673121312,11,3057741,128,0.318874,PASS,0,0
14527631121311,11,3979341,167,0.364250,PASS,0,0
14527631131211,11,3971401,172,0.361877,PASS,0,0
14527631133311,11,2272361,96,0.286410,PASS,0,0
14527631211131,11,1825612,79,0.267069,PASS,0,0
14527631311121,11,3182957,143,0.328416,PASS,0,0
14527632122213,11,3686970,156,0.349123,PASS,0,0
14527632212111,11,1802627,82,0.268108,PASS,0,0
14527632333332,11,2541732,107,0.314156,PASS,0,0
14527633132322,11,2569311,111,0.303283,PASS,0,0
14527633312133,11,2554486,108,0.297324,PASS,0,0
14536273311311,11,2228783,96,0.300811,PASS,0,0
14537622231323,11,3180617,133,0.322928,PASS,0,0
14563272323222,11,1511117,67,0.261058,PASS,0,0
14567231312213,11,5816975,244,0.429272,PASS,0,0
14567231321123,11,2541262,107,0.298252,PASS,0,0
14573261333111,11,2826433,119,0.306584,PASS,0,0
14625731111111,11,4828439,202,0.392121,PASS,0,0
14625731131121,11,3475801,152,0.346523,PASS,0,0
14625731322233,11,2515679,120,0.320583,PASS,0,0
14625732112121,11,2057449,94,0.374411,PASS,0,0
14625732113321,11,4372279,190,0.383929,PASS,0,0
14625732213323,11,2902715,131,0.330567,PASS,0,0
14625732233111,11,2600929,112,0.300135,PASS,0,0
14625733133111,11,1939212,88,0.298779,PASS,0,0
14632571111111,11,10377009,454,0.640501,PASS,0,0
14632571321132,11,2421424,105,0.291395,PASS,0,0
14652733321331,11,1509657,66,0.259394,PASS,0,0
14673251111111,11,4939009,213,0.395405,PASS,0,0
14723651111213,11,2885427,124,0.309533,PASS,0,0
14723651111312,11,3501679,149,0.339703,PASS,0,0
14723651112131,11,3885775,167,0.349626,PASS,0,0
14723651113121,11,3561651,153,0.338153,PASS,0,0
14723651211212,11,2004788,89,0.272582,PASS,0,0
14723652322121,11,2361942,121,0.328193,PASS,0,0
14723652331232,11,2389536,122,0.366518,PASS,0,0
14723653232222,11,2049796,107,0.372697,PASS,0,0
14723653313111,11,1582445,84,0.294351,PASS,0,0
14723653321313,11,3206557,158,0.368465,PASS,0,0
14725361111111,11,3074114,157,0.367434,PASS,0,0
14725361111123,11,3111938,162,0.370177,PASS,0,0
14725361322332,11,2056043,112,0.318668,PASS,0,0
14725362211121,11,2230034,123,0.332034,PASS,0,0
14725363211213,11,2872469,145,0.350097,PASS,0,0
14725363213121,11,2016773,102,0.310225,PASS,0,0
14725363223213,11,2674223,145,0.352100,PASS,0,0
14725363311113,11,2277626,121,0.340568,PASS,0,0
14726531223122,11,3819174,192,0.409427,PASS,0,0
14726531232122,11,3052032,156,0.372299,PASS,0,0
14726531233313,11,2488498,111,0.313741,PASS,0,0
14726531333312,11,2503664,133,0.337859,PASS,0,0
14726532232313,11,2141960,112,0.325065,PASS,0,0
14726533323122,11,1901098,97,0.306739,PASS,0,0
14735621221112,11,2955456,153,0.360799,PASS,0,0
14735621223113,11,2813447,176,0.391416,PASS,0,0
14735621223332,11,4054070,213,0.430247,PASS,0,0
14735621233112,11,3186648,157,0.367002,PASS,0,0
14735621323112,11,3334731,173,0.376713,PASS,0,0
14735621332112,11,2270971,127,0.340350,PASS,0,0
14735621333111,11,2832602,144,0.366258,PASS,0,0
14735621333222,11,2487940,127,0.329423,PASS,0,0
14736251111132,11,2394349,122,0.331891,PASS,0,0
14736251112332,11,2772587,141,0.355638,PASS,0,0
14736253222223,11,2089867,107,0.320766,PASS,0,0
14736521132222,11,1810044,92,0.317176,PASS,0,0
14736521133131,11,1584290,84,0.312082,PASS,0,0
14736521211212,11,1787750,82,0.275666,PASS,0,0
14736521213333,11,2014078,89,0.281550,PASS,0,0
14736521221313,11,3270864,139,0.339389,PASS,0,0
14736521321231,11,3840926,162,0.352585,PASS,0,0
14736521322233,11,3143941,134,0.322157,PASS,0,0
14736521332121,11,3218976,136,0.326282,PASS,0,0
14736523112222,11,1833087,87,0.289438,PASS,0,0
14736523113131,11,1596227,71,0.265218,PASS,0,0
14752363222121,11,2608602,116,0.316502,PASS,0,0
14752363232222,11,2658509,119,0.314003,PASS,0,0
14752363233131,11,2168789,98,0.300365,PASS,0,0
14752631111111,11,3837616,167,0.359545,PASS,0,0
14752631112311,11,3455224,150,0.332299,PASS,0,0
14752631323223,11,3026004,127,0.307182,PASS,0,0
14752632332132,11,1925634,83,0.290508,PASS,0,0
14752633213223,11,2263861,121,0.328245,PASS,0,0
14752633222223,11,3254777,136,0.320235,PASS,0,0
14752633223123,11,3092501,132,0.320827,PASS,0,0
14752633223231,11,2488520,105,0.299840,PASS,0,0
14753261221112,11,2413290,102,0.311773,PASS,0,0
14753261323112,11,4434663,191,0.385450,PASS,0,0
14753261333111,11,2496586,106,0.298121,PASS,0,0
14762351221331,11,2773219,116,0.306775,PASS,0,0
14762351321231,11,4539089,193,0.388202,PASS,0,0
14762351331221,11,2465370,110,0.306154,PASS,0,0
14763251221223,11,2944373,183,0.379764,PASS,0,0
14763251222312,11,3359120,144,0.336892,PASS,0,0
14763251332331,11,2717256,184,0.373210,PASS,0,0
14763251333123,11,2042548,90,0.271100,PASS,0,0
14763252322121,11,2091022,94,0.285756,PASS,0,0
14763253132232,11,1707943,75,0.262184,PASS,0,0
14763253133132,11,1673334,73,0.267012,PASS,0,0
14763253133222,11,1936669,83,0.273359,PASS,0,0
14763253133231,11,1779124,78,0.268330,PASS,0,0
14763253221221,11,2686259,113,0.294790,PASS,0,0
14763253222112,11,3733935,160,0.341737,PASS,0,0
14763521113211,11,2444228,107,0.297687,PASS,0,0
14763521113223,11,2817972,120,0.312440,PASS,0,0
14763523222331,11,2372733,105,0.287919,PASS,0,0
14765231111213,11,3447501,148,0.338192,PASS,0,0
14765231111312,11,3509650,146,0.328674,PASS,0,0
14765231112131,11,4061651,176,0.364339,PASS,0,0
14765231113121,11,3611674,156,0.346518,PASS,0,0
14765231133131,11,1833171,78,0.260408,PASS,0,0
14765232211211,11,1980456,88,0.286500,PASS,0,0
14765232232322,11,1616325,69,0.263948,PASS,0,0
14765232331313,11,2485842,105,0.293807,PASS,0,0
14765233113131,11,1773771,76,0.263434,PASS,0,0
14765233323332,11,2164110,93,0.278445,PASS,0,0
15236471111111,11,8342519,345,0.535847,PASS,0,0
15236473231121,11,2795659,121,0.310943,PASS,0,0
15243671331221,11,2638918,110,0.291798,PASS,0,0
15246371331332,11,2509848,108,0.296870,PASS,0,0
15246371332331,11,2412616,104,0.291866,PASS,0,0
15246372331331,11,2449173,104,0.288432,PASS,0,0
15267431223113,11,2121767,91,0.279458,PASS,0,0
15273641112323,11,6609408,274,0.460125,PASS,0,0
15324673113311,11,3815144,158,0.338464,PASS,0,0
15342671211311,11,3283109,141,0.347408,PASS,0,0
15346271321321,11,1986063,86,0.277986,PASS,0,0
15367421211113,11,4090732,173,0.353885,PASS,0,0
15367421223113,11,2681738,115,0.308574,PASS,0,0
15367423211123,11,2968113,124,0.307828,PASS,0,0
15426371111111,11,2607162,110,0.298665,PASS,0,0
15426371112233,11,2433173,108,0.306756,PASS,0,0
15463271313113,11,2245449,95,0.275192,PASS,0,0
15624732123212,11,2726415,121,0.311336,PASS,0,0
15624732133313,11,3282084,138,0.333658,PASS,0,0
15624732333332,11,2163391,91,0.276165,PASS,0,0
15627431223113,11,2294714,102,0.288369,PASS,0,0
15627431322113,11,3689578,154,0.338559,PASS,0,0
15627431332112,11,2331659,104,0.312563,PASS,0,0
15634722123332,11,2901815,126,0.317140,PASS,0,0
15634722321233,11,3362906,142,0.330787,PASS,0,0
15637423211123,11,2768533,119,0.318898,PASS,0,0
15642371111111,11,6464863,270,0.461294,PASS,0,0
15642372213311,11,3446377,144,0.336186,PASS,0,0
15642372231332,11,1664817,75,0.264324,PASS,0,0
15642372331322,11,1555252,70,0.260966,PASS,0,0
15642373212311,11,2638243,111,0.305066,PASS,0,0
15642373221323,11,1727343,76,0.268642,PASS,0,0
15642373231223,11,1977026,85,0.270107,PASS,0,0
15643271221331,11,2505840,108,0.293883,PASS,0,0
15643271331221,11,2565427,109,0.298280,PASS,0,0
15643273223111,11,2338221,100,0.287342,PASS,0,0
15647233213232,11,1989895,87,0.272378,PASS,0,0
15672341113232,11,4170639,174,0.365602,PASS,0,0
15672341323112,11,2956816,127,0.323237,PASS,0,0
15672342323312,11,3303291,140,0.325047,PASS,0,0
15672343213232,11,2350206,99,0.283342,PASS,0,0
15672433312133,11,2684088,115,0.310068,PASS,0,0
15724362212132,11,1747508,75,0.264643,PASS,0,0
15724631111111,11,2635043,112,0.310515,PASS,0,0
15724631211311,11,2547673,108,0.297333,PASS,0,0
15724631322233,11,4303307,179,0.366671,PASS,0,0
15724632123233,11,2805149,124,0.316801,PASS,0,0
15724632313223,11,3546929,153,0.349745,PASS,0,0
15724632323231,11,3220062,137,0.323603,PASS,0,0
15724632323333,11,2873052,124,0.305987,PASS,0,0
15724633132322,11,2262360,95,0.285406,PASS,0,0
15734622331223,11,1638515,75,0.261149,PASS,0,0
15746321111111,11,3688688,157,0.348355,PASS,0,0
15746321323211,11,3988829,165,0.351837,PASS,0,0
15746322313112,11,3402309,143,0.331405,PASS,0,0
15762342122213,11,5326302,229,0.420163,PASS,0,0
15763241111111,11,3028568,127,0.331325,PASS,0,0
15763242323132,11,2283156,97,0.284016,PASS,0,0
16243571132132,11,2093512,91,0.285103,PASS,0,0
16243571231231,11,2618522,110,0.291248,PASS,0,0
16243571321321,11,2404309,103,0.298862,PASS,0,0
16245371231231,11,2116279,94,0.284514,PASS,0,0
16254733312223,11,4486632,186,0.375293,PASS,0,0
16257431132111,11,3455747,147,0.329606,PASS,0,0
16257433223123,11,1978513,85,0.276973,PASS,0,0
16273541122133,11,3133611,131,0.319596,PASS,0,0
16273541321321,11,2085049,90,0.277509,PASS,0,0
16275341312213,11,8335483,347,0.535817,PASS,0,0
16275343122221,11,2239996,95,0.278174,PASS,0,0
16327453232333,11,2655174,116,0.309769,PASS,0,0
16342571331221,11,2648701,111,0.291536,PASS,0,0
16345271111111,11,7561909,311,0.498343,PASS,0,0
16345271133131,11,1938507,83,0.269496,PASS,0,0
16345271222111,11,2799469,120,0.312699,PASS,0,0
16345272322232,11,2653936,112,0.297502,PASS,0,0
16345272333212,11,1762350,80,0.270966,PASS,0,0
16345273122323,11,2217799,95,0.274835,PASS,0,0
16345273233323,11,3920229,165,0.356092,PASS,0,0
16347252131312,11,4771068,201,0.389609,PASS,0,0
16347253121312,11,3615451,151,0.346507,PASS,0,0
16357421223113,11,2307608,97,0.277917,PASS,0,0
16374521112323,11,4640970,197,0.389001,PASS,0,0
16374523211123,11,2389570,101,0.297160,PASS,0,0
16423572112121,11,2072681,89,0.270315,PASS,0,0
16427531211311,11,3521706,150,0.341519,PASS,0,0
16427531231321,11,2889113,125,0.306768,PASS,0,0
16427532333233,11,3879467,165,0.360044,PASS,0,0
16453271111111,11,3226646,137,0.326444,PASS,0,0
16453271211113,11,3260774,135,0.319002,PASS,0,0
16453272111131,11,2298191,99,0.292967,PASS,0,0
16475233132313,11,2315008,100,0.281856,PASS,0,0
16523473332323,11,2493790,108,0.296715,PASS,0,0
16523741112212,11,2485909,106,0.298096,PASS,0,0
16524731112212,11,2669365,118,0.301843,PASS,0,0
16524731112233,11,4030785,172,0.364314,PASS,0,0
16524731113133,11,2573300,110,0.299721,PASS,0,0
16527341111111,11,4225421,177,0.366588,PASS,0,0
16527431123333,11,4246090,181,0.379301,PASS,0,0
16527431222132,11,3369358,148,0.337123,PASS,0,0
16527431312222,11,3887595,177,0.368636,PASS,0,0
16527431333213,11,2935163,124,0.313438,PASS,0,0
16527432113333,11,2724536,121,0.311060,PASS,0,0
16527432211322,11,2120388,93,0.281054,PASS,0,0
16527432231122,11,1885298,84,0.301801,PASS,0,0
16527432231332,11,1986483,87,0.278069,PASS,0,0
16527432331322,11,1956107,87,0.268698,PASS,0,0
16527432333113,11,3022276,129,0.315617,PASS,0,0
16527433312133,11,1891083,80,0.270993,PASS,0,0
16532471111222,11,2304606,103,0.293774,PASS,0,0
16534271111111,11,6616441,275,0.457848,PASS,0,0
16534271111132,11,1962554,83,0.266289,PASS,0,0
16534273211111,11,2530476,111,0.299747,PASS,0,0
16534723211123,11,3883476,160,0.345454,PASS,0,0
16537421111222,11,2759433,121,0.311353,PASS,0,0
16537421113322,11,2840515,123,0.315674,PASS,0,0
16537421113331,11,2829380,126,0.316465,PASS,0,0
16537421223113,11,2260898,98,0.287955,PASS,0,0
16537421233112,11,3711130,159,0.346286,PASS,0,0
16537421332112,11,2259144,96,0.281355,PASS,0,0
16542371221331,11,2092011,91,0.284688,PASS,0,0
16542371331221,11,2498521,105,0.304064,PASS,0,0
16542372112331,11,2458133,106,0.307883,PASS,0,0
16543271221223,11,3263516,144,0.334550,PASS,0,0
16543271223221,11,2388150,102,0.295544,PASS,0,0
16543271331332,11,2649645,123,0.318430,PASS,0,0
16543271332331,11,2937351,124,0.309579,PASS,0,0
16543272331331,11,2440241,108,0.299844,PASS,0,0
16543273221221,11,2572602,113,0.304796,PASS,0,0
16543721111111,11,2901881,126,0.312307,PASS,0,0
16543721113211,11,2152703,93,0.282491,PASS,0,0
16547233332323,11,3141989,133,0.322341,PASS,0,0
16547321113331,11,2332965,98,0.279194,PASS,0,0
16572431111111,11,3091731,133,0.322550,PASS,0,0
16572433213223,11,2073849,88,0.271890,PASS,0,0
16573241123123,11,1970906,86,0.276269,PASS,0,0
16573241312312,11,1899942,81,0.263639,PASS,0,0
16574231113133,11,2949968,124,0.307673,PASS,0,0
16723451122133,11,2851550,129,0.323786,PASS,0,0
16723451322311,11,2460953,104,0.295217,PASS,0,0
16725431121311,11,4308032,185,0.374825,PASS,0,0
16725431131211,11,3563458,154,0.338419,PASS,0,0
16725431211122,11,2606124,111,0.294672,PASS,0,0
16725431211131,11,2974781,127,0.318957,PASS,0,0
16725431311121,11,1680271,73,0.263004,PASS,0,0
16725432211121,11,2683415,112,0.301160,PASS,0,0
16725432232223,11,2015622,88,0.279430,PASS,0,0
16725433113311,11,1549794,66,0.251656,PASS,0,0
16725433122212,11,3237392,139,0.328065,PASS,0,0
16725433333232,11,1711096,76,0.267288,PASS,0,0
16735242122213,11,4116012,174,0.364889,PASS,0,0
16742352232313,11,2962515,127,0.318593,PASS,0,0
16743252323222,11,1652126,71,0.251238,PASS,0,0
16745232121313,11,3968640,167,0.356651,PASS,0,0
16745232122222,11,4853896,206,0.395116,PASS,0,0
16745233121213,11,2950289,125,0.325615,PASS,0,0
16745233333313,11,3956561,165,0.363384,PASS,0,0
16753241221112,11,2974322,129,0.322280,PASS,0,0
17246351111111,11,8810119,366,0.549701,PASS,0,0
17265433111313,11,4023931,169,0.361678,PASS,0,0
17324561211323,11,3998319,165,0.352788,PASS,0,0
17324561232332,11,1762256,77,0.281184,PASS,0,0
17326452212111,11,3379948,141,0.328210,PASS,0,0
17356241212313,11,3198288,135,0.323827,PASS,0,0
17356242211331,11,3060671,131,0.318591,PASS,0,0
17362451211311,11,2862690,122,0.305806,PASS,0,0
17362451231321,11,2224050,94,0.283906,PASS,0,0
17362452213311,11,3130438,135,0.324176,PASS,0,0
17364251231231,11,2398713,101,0.279891,PASS,0,0
17423653213232,11,2210786,96,0.282243,PASS,0,0
17425631122112,11,2286314,96,0.279911,PASS,0,0
17425631223113,11,2377970,102,0.294224,PASS,0,0
17425631313113,11,2759346,116,0.306067,PASS,0,0
17425631322113,11,3975854,164,0.364713,PASS,0,0
17425631322332,11,4602473,195,0.393354,PASS,0,0
17425631323112,11,3945377,169,0.366160,PASS,0,0
17425631323223,11,3135641,130,0.320196,PASS,0,0
17425631332112,11,2174049,93,0.276007,PASS,0,0
17426531112233,11,2654995,113,0.303660,PASS,0,0
17426531121212,11,2546388,107,0.293078,PASS,0,0
17426531132312,11,4356021,187,0.380836,PASS,0,0
17426531213123,11,6214364,263,0.454435,PASS,0,0
17426531223221,11,2166272,91,0.280018,PASS,0,0
17426531232233,11,4405541,184,0.370833,PASS,0,0
17426531313131,11,2737383,119,0.317565,PASS,0,0
17426531331332,11,2322729,102,0.316064,PASS,0,0
17426532121211,11,2195346,92,0.290756,PASS,0,0
17426532331331,11,2091805,90,0.280005,PASS,0,0
17435622211133,11,3747091,159,0.351791,PASS,0,0
17435623211123,11,4257999,177,0.376176,PASS,0,0
17436521323232,11,3656591,151,0.339892,PASS,0,0
17452363213232,11,2504887,106,0.304454,PASS,0,0
17452363322132,11,1935826,82,0.266616,PASS,0,0
17452633213232,11,1589715,73,0.258165,PASS,0,0
17453262211133,11,3285892,137,0.330623,PASS,0,0
17462352213311,11,3437628,143,0.342243,PASS,0,0
17463251122112,11,2995606,127,0.327785,PASS,0,0
17463251221331,11,2159390,91,0.285245,PASS,0,0
17463251313113,11,3100808,132,0.323905,PASS,0,0
17463251321231,11,3389968,142,0.332592,PASS,0,0
17463251323112,11,3630804,158,0.349946,PASS,0,0
17463251331221,11,1994355,85,0.276991,PASS,0,0
17526431131121,11,2267438,100,0.288556,PASS,0,0
17526431231321,11,2584766,110,0.299882,PASS,0,0
17526432123233,11,3076097,130,0.318191,PASS,0,0
17543261111111,11,7375921,308,0.497080,PASS,0,0
17543261132111,11,2119294,91,0.282498,PASS,0,0
17642531111111,11,3014497,126,0.316603,PASS,0,0
17642531112233,11,3121666,133,0.329387,PASS,0,0
17642533312211,11,1757917,76,0.269720,PASS,0,0
17643251122112,11,2450242,107,0.297100,PASS,0,0
21345671111111,11,9917867,426,0.618152,PASS,0,0
21345762223322,11,3384982,145,0.353363,PASS,0,0
21345762312323,11,3722785,168,0.360870,PASS,0,0
21345762313223,11,3251828,142,0.345722,PASS,0,0
21345763332233,11,2589725,110,0.307288,PASS,0,0
21346752313322,11,3431715,148,0.343988,PASS,0,0
21347562312323,11,5602963,234,0.421501,PASS,0,0
21354671122112,11,1642730,75,0.257789,PASS,0,0
21354671131313,11,1970724,83,0.283242,PASS,0,0
21354671221112,11,1729258,74,0.273260,PASS,0,0
21354672311123,11,3215113,138,0.324468,PASS,0,0
21354672311132,11,3438863,152,0.443468,PASS,0,0
21354672313211,11,9063573,376,0.571587,PASS,0,0
21354673131113,11,2278841,97,0.288133,PASS,0,0
21354761112233,11,4300746,190,0.376045,PASS,0,0
21354761112311,11,3412612,145,0.337731,PASS,0,0
21354761113211,11,3221810,140,0.325890,PASS,0,0
21354761113322,11,3522587,146,0.335266,PASS,0,0
21354761122211,11,2732240,115,0.312796,PASS,0,0
21354761133311,11,2731198,115,0.303102,PASS,0,0
21354762213311,11,4533060,193,0.387403,PASS,0,0
21354763312211,11,3536551,149,0.333794,PASS,0,0
21357462311111,11,3594819,154,0.340281,PASS,0,0
21357463213331,11,2040642,87,0.276555,PASS,0,0
21357642221132,11,2711891,114,0.295725,PASS,0,0
21364752311111,11,3326399,139,0.324392,PASS,0,0
21364753212212,11,1663383,72,0.260843,PASS,0,0
21365742221312,11,2819119,120,0.298965,PASS,0,0
21365742312323,11,4350285,188,0.371136,PASS,0,0
21367451311331,11,2415663,101,0.291080,PASS,0,0
21367452112112,11,2585603,109,0.295365,PASS,0,0
21374653333121,11,2545700,108,0.294088,PASS,0,0
21375462312233,11,2759833,116,0.305936,PASS,0,0
21375463333211,11,4976645,206,0.391765,PASS,0,0
21376541111123,11,3836886,160,0.351543,PASS,0,0
21376541112311,11,3511739,145,0.334233,PASS,0,0
21376541122211,11,2964950,125,0.316147,PASS,0,0
21376541131133,11,2876358,120,0.302732,PASS,0,0
21457631321123,11,4733809,195,0.377475,PASS,0,0
21473563331312,11,2260278,95,0.281912,PASS,0,0
21536742222131,11,2539054,108,0.297092,PASS,0,0
21654372231323,11,2558094,112,0.299782,PASS,0,0
21654372233321,11,2755092,116,0.305995,PASS,0,0
21654373332122,11,2107677,91,0.277167,PASS,0,0
21654373332221,11,2346436,99,0.289516,PASS,0,0
21734652123131,11,2859892,124,0.306614,PASS,0,0
23147562123131,11,3318147,139,0.327716,PASS,0,0
23147651112323,11,2572648,109,0.289962,PASS,0,0
23147652312323,11,2257149,98,0.279732,PASS,0,0
23156471222132,11,2122079,93,0.282203,PASS,0,0
23156471333132,11,2751715,116,0.305146,PASS,0,0
23156473323332,11,1822073,78,0.264642,PASS,0,0
23157461231333,11,2540324,108,0.294502,PASS,0,0
23157462131123,11,3128899,132,0.322289,PASS,0,0
23164573213133,11,1400909,61,0.247301,PASS,0,0
23164752131312,11,2696564,115,0.302033,PASS,0,0
23164753333313,11,2558205,109,0.294235,PASS,0,0
23165471111111,11,4968298,208,0.398122,PASS,0,0
23165471311133,11,1993682,85,0.272732,PASS,0,0
23165471312132,11,2881120,123,0.310058,PASS,0,0
23165472111122,11,2113866,89,0.275556,PASS,0,0
23165472111332,11,2450781,106,0.286876,PASS,0,0
23165472132332,11,3730755,157,0.344771,PASS,0,0
23165472311111,11,4917973,205,0.386750,PASS,0,0
23165473233221,11,3816216,165,0.350537,PASS,0,0
23165741112323,11,3341157,143,0.331624,PASS,0,0
23165741231312,11,2819068,119,0.304594,PASS,0,0
23165742123131,11,2846025,118,0.305547,PASS,0,0
23165742131321,11,3517143,150,0.332503,PASS,0,0
23165742131333,11,4133052,171,0.352076,PASS,0,0
23165742312323,11,4122322,170,0.361147,PASS,0,0
23165743331312,11,5012208,207,0.390262,PASS,0,0
23167541233322,11,2335988,99,0.289979,PASS,0,0
23167542131222,11,4741415,196,0.380138,PASS,0,0
23174652123131,11,3290463,141,0.326546,PASS,0,0
23175463211222,11,1690773,76,0.264798,PASS,0,0
23176452132221,11,2474128,106,0.295089,PASS,0,0
23176453332233,11,2876334,122,0.304443,PASS,0,0
23416752121211,11,2623362,111,0.300012,PASS,0,0
23417563232123,11,2769902,115,0.304109,PASS,0,0
23456173212332,11,2105381,89,0.283909,PASS,0,0
23456173233122,11,2666970,111,0.297367,PASS,0,0
23456713212332,11,1996146,85,0.280386,PASS,0,0
23475162121112,11,2631807,116,0.303960,PASS,0,0
23517462131333,11,3150597,131,0.314727,PASS,0,0
23576412233321,11,1890179,80,0.271321,PASS,0,0
23576412312323,11,2448967,104,0.287229,PASS,0,0
23657142121112,11,2656657,114,0.298344,PASS,0,0
23671452122333,11,4000930,167,0.354168,PASS,0,0
23674153232321,11,2215990,94,0.280816,PASS,0,0
23751461132123,11,3901619,162,0.351194,PASS,0,0
23751463112321,11,3437760,144,0.326518,PASS,0,0
23756143222331,11,2191882,96,0.283477,PASS,0,0
23756411222312,11,2130229,92,0.282837,PASS,0,0
23756413222112,11,2204398,93,0.281617,PASS,0,0
23756413223312,11,2496631,106,0.299028,PASS,0,0
23756413322312,11,2596960,109,0.300198,PASS,0,0
24153672321233,11,2309815,97,0.287254,PASS,0,0
24157361313212,11,3329608,142,0.336767,PASS,0,0
24157362323111,11,4083688,171,0.357237,PASS,0,0
24167353132232,11,3923366,166,0.354504,PASS,0,0
24173652323231,11,2306107,99,0.288200,PASS,0,0
24315673311311,11,3346650,139,0.322386,PASS,0,0
24315761122322,11,3205288,135,0.316646,PASS,0,0
24315762213323,11,8082868,329,0.520249,PASS,0,0
24351671212211,11,3237508,138,0.324746,PASS,0,0
24351673111133,11,3762448,163,0.349644,PASS,0,0
24351673311311,11,3679439,155,0.344287,PASS,0,0
24351761111123,11,6638577,274,0.454313,PASS,0,0
24351761212232,11,1932515,81,0.268787,PASS,0,0
24367511323112,11,2983383,126,0.315076,PASS,0,0
24367513111121,11,2594701,109,0.304554,PASS,0,0
24376512222122,11,2906399,126,0.312201,PASS,0,0
24516732233111,11,2901287,125,0.312667,PASS,0,0
24531673123121,11,2383979,101,0.288455,PASS,0,0
24536713231232,11,1746167,75,0.262032,PASS,0,0
24537613231322,11,3763513,159,0.349041,PASS,0,0
24561372111131,11,6859256,284,0.479583,PASS,0,0
24563711121212,11,2548862,111,0.298024,PASS,0,0
24563712121232,11,3189607,133,0.320062,PASS,0,0
24563713121222,11,3168094,139,0.328808,PASS,0,0
24571362221213,11,4858661,200,0.383770,PASS,0,0
24571631121212,11,2561434,108,0.295115,PASS,0,0
24615371112332,11,2410251,107,0.286142,PASS,0,0
24615372213311,11,5957198,255,0.443851,PASS,0,0
24615731122313,11,3646235,155,0.336460,PASS,0,0
24615731132333,11,4697269,194,0.384149,PASS,0,0
24615732111323,11,4436895,187,0.374445,PASS,0,0
24615732213311,11,3122283,132,0.314786,PASS,0,0
24615732233321,11,3578152,151,0.341367,PASS,0,0
24615733113323,11,4839155,199,0.387298,PASS,0,0
24615733311122,11,3778294,157,0.343029,PASS,0,0
24617532233321,11,4168415,178,0.367448,PASS,0,0
24637512311132,11,3550715,149,0.340645,PASS,0,0
24651731113223,11,2499541,106,0.289379,PASS,0,0
24651731333333,11,2340122,99,0.287857,PASS,0,0
24715363311332,11,1671691,74,0.262529,PASS,0,0
24715631111111,11,4186653,173,0.355421,PASS,0,0
24715631122121,11,2352773,103,0.291407,PASS,0,0
24715631122133,11,3718121,161,0.344921,PASS,0,0
24715632313223,11,2719038,120,0.302950,PASS,0,0
24715633112111,11,2954691,123,0.314069,PASS,0,0
24715633131131,11,2100068,95,0.286074,PASS,0,0
24716532323231,11,2915064,126,0.313995,PASS,0,0
24731561111111,11,10369717,446,0.634550,PASS,0,0
24731562311231,11,2754878,117,0.305152,PASS,0,0
24736512222332,11,3407400,141,0.327468,PASS,0,0
24751362221231,11,4407636,189,0.384380,PASS,0,0
24751362321113,11,3503740,147,0.330862,PASS,0,0
24761531221223,11,2800549,120,0.308448,PASS,0,0
24763151111111,11,4479055,191,0.371852,PASS,0,0
24765313222112,11,3429491,144,0.332479,PASS,0,0
25134672233321,11,2301346,99,0.287583,PASS,0,0
25134672312323,11,1981876,84,0.268166,PASS,0,0
25134672313211,11,10597423,446,0.632059,PASS,0,0
25137461111111,11,8314421,350,0.536249,PASS,0,0
25137461211323,11,1944480,84,0.265717,PASS,0,0
25163741112323,11,6293166,257,0.442791,PASS,0,0
25314673111313,11,4384266,188,0.376816,PASS,0,0
25314673111331,11,4139654,172,0.361223,PASS,0,0
25314673131311,11,3935106,165,0.349176,PASS,0,0
25341673113311,11,3522517,148,0.328343,PASS,0,0
25341762313223,11,3988379,173,0.358576,PASS,0,0
25364172311231,11,7635536,326,0.515208,PASS,0,0
25364173223231,11,3294707,137,0.325625,PASS,0,0
25367411211122,11,2734498,118,0.301410,PASS,0,0
25413672323111,11,7423934,307,0.495401,PASS,0,0
25413763121222,11,2268097,95,0.281159,PASS,0,0
25436711311313,11,3232820,143,0.326393,PASS,0,0
25436712123122,11,3651570,154,0.337088,PASS,0,0
25436712123332,11,2334527,99,0.286443,PASS,0,0
25436712132122,11,2808041,121,0.307694,PASS,0,0
25436712323231,11,2554101,109,0.297849,PASS,0,0
25436713232321,11,3167844,133,0.321567,PASS,0,0
25436713332122,11,1917254,81,0.269242,PASS,0,0
25463713212332,11,1517387,65,0.249449,PASS,0,0
25471362323132,11,4048374,173,0.356474,PASS,0,0
25471631312213,11,3490741,150,0.333005,PASS,0,0
25631741212121,11,3955421,172,0.360867,PASS,0,0
25634713321232,11,3186882,133,0.327465,PASS,0,0
25641371213132,11,2071784,89,0.273868,PASS,0,0
25714632123131,11,3118095,131,0.323369,PASS,0,0
25714632223331,11,2407129,106,0.294245,PASS,0,0
25714632313211,11,7956754,326,0.514751,PASS,0,0
25714633121333,11,3249889,137,0.328310,PASS,0,0
25716431212223,11,2356988,100,0.282457,PASS,0,0
25716433223213,11,3344724,139,0.324229,PASS,0,0
25731642232211,11,4205775,178,0.374059,PASS,0,0
25734162221111,11,2535472,108,0.289556,PASS,0,0
25734613113323,11,2754911,117,0.301944,PASS,0,0
25736141111123,11,2614987,113,0.300907,PASS,0,0
25736141233232,11,2313479,104,0.294041,PASS,0,0
25736411133113,11,2051162,87,0.276015,PASS,0,0
25736411231321,11,2511739,105,0.290082,PASS,0,0
25736411321312,11,3638619,153,0.334565,PASS,0,0
25736411331113,11,1924337,82,0.275507,PASS,0,0
25736413123112,11,3757798,159,0.346772,PASS,0,0
25741361232113,11,3457748,146,0.327193,PASS,0,0
25741632222323,11,3161883,135,0.327128,PASS,0,0
25741632312323,11,2604970,110,0.298338,PASS,0,0
25743611233232,11,1670013,73,0.260440,PASS,0,0
25763142223133,11,3188898,133,0.315941,PASS,0,0
25763411332322,11,2262353,95,0.275779,PASS,0,0
26135742132221,11,2954556,126,0.314318,PASS,0,0
26135742213323,11,7754624,335,0.524350,PASS,0,0
26135742332312,11,3471887,148,0.338942,PASS,0,0
26153471122121,11,2665193,111,0.300171,PASS,0,0
26153473131131,11,2210126,95,0.284428,PASS,0,0
26153473132121,11,2341818,101,0.286140,PASS,0,0
26154372332213,11,4942072,204,0.391204,PASS,0,0
26175432331133,11,2758610,116,0.303456,PASS,0,0
26317451212211,11,3397121,144,0.332398,PASS,0,0
26345711223113,11,1378226,59,0.248071,PASS,0,0
26371453112111,11,2714126,123,0.312758,PASS,0,0
26415731322323,11,1908956,81,0.270091,PASS,0,0
26415732121223,11,4047841,168,0.363300,PASS,0,0
26415732233321,11,3545688,150,0.339710,PASS,0,0
26435712222122,11,4279916,179,0.362490,PASS,0,0
26435712233321,11,3245109,136,0.325947,PASS,0,0
26435712311132,11,3787548,164,0.354203,PASS,0,0
26435712322322,11,3382178,147,0.335027,PASS,0,0
26435713311122,11,3610104,155,0.349267,PASS,0,0
26435713333133,11,2448442,103,0.288552,PASS,0,0
26437512122312,11,3302944,137,0.330976,PASS,0,0
26453172211133,11,4130486,177,0.358194,PASS,0,0
26453711333333,11,2648922,111,0.301051,PASS,0,0
26513471122121,11,1856025,79,0.262129,PASS,0,0
26517343333313,11,2335731,99,0.285898,PASS,0,0
26534713333313,11,3104749,131,0.318934,PASS,0,0
26543171111111,11,6503308,271,0.457952,PASS,0,0
26543171123111,11,1936719,82,0.269241,PASS,0,0
26547313131323,11,2900991,126,0.316834,PASS,0,0
26573413331312,11,2064977,87,0.276628,PASS,0,0
26714531212133,11,2969213,126,0.316533,PASS,0,0
26714532121133,11,3240087,137,0.325256,PASS,0,0
26715433231322,11,2628411,113,0.296535,PASS,0,0
26741351232113,11,2353638,100,0.286662,PASS,0,0
26743512121232,11,4076450,175,0.357966,PASS,0,0
27134561131133,11,2946152,128,0.312665,PASS,0,0
27154632311132,11,2499407,108,0.298013,PASS,0,0
27314652313211,11,10597047,432,0.620738,PASS,0,0
27365412321212,11,3536441,152,0.345574,PASS,0,0
27415363131113,11,2646678,117,0.307244,PASS,0,0
27415632323231,11,2542602,107,0.294607,PASS,0,0
27415633321322,11,2395601,102,0.289790,PASS,0,0
27416532133232,11,2319369,98,0.278913,PASS,0,0
27416533321232,11,3141522,133,0.319431,PASS,0,0
27435612122222,11,3396696,141,0.323959,PASS,0,0
27453161123111,11,2177983,92,0.280483,PASS,0,0
27453161132111,11,2513532,109,0.299750,PASS,0,0
27456133132223,11,2095760,91,0.273789,PASS,0,0
27516341111111,11,4360349,190,0.373030,PASS,0,0
27534161111111,11,5930399,243,0.433868,PASS,0,0
27534161111123,11,2873732,120,0.303760,PASS,0,0
27534162311111,11,2123018,90,0.278865,PASS,0,0
27534612311132,11,3158509,131,0.318437,PASS,0,0
27536412332312,11,3349414,146,0.332387,PASS,0,0
27543611111123,11,2407746,104,0.294892,PASS,0,0
27543611111132,11,2370900,100,0.286366,PASS,0,0
27546312231122,11,4609699,197,0.387417,PASS,0,0
27613543333133,11,2353200,101,0.285010,PASS,0,0
27614353311332,11,2546484,107,0.288772,PASS,0,0
27615431312333,11,2503035,106,0.292924,PASS,0,0
27615432113321,11,3594034,154,0.338921,PASS,0,0
27615433313213,11,3435995,143,0.332369,PASS,0,0
27634511131133,11,2477067,106,0.300874,PASS,0,0
27634512233321,11,3608912,155,0.338785,PASS,0,0
27643513311233,11,3792661,157,0.343171,PASS,0,0
31246753312211,11,3885915,167,0.357680,PASS,0,0
31247651113232,11,2416912,103,0.290478,PASS,0,0
31247651323232,11,2641197,113,0.304306,PASS,0,0
31256471231222,11,1470797,63,0.247849,PASS,0,0
31257462222221,11,3009057,127,0.313633,PASS,0,0
31257462312311,11,4039433,173,0.360855,PASS,0,0
31257643311122,11,2873704,124,0.315677,PASS,0,0
31264572122213,11,2685500,112,0.301517,PASS,0,0
31264573132313,11,1642213,75,0.264577,PASS,0,0
31264573222223,11,1889443,82,0.271509,PASS,0,0
31264752132122,11,2524747,107,0.299846,PASS,0,0
31264752313121,11,3747938,157,0.345478,PASS,0,0
31265471111111,11,5274871,229,0.421321,PASS,0,0
31265471122112,11,2311464,99,0.284189,PASS,0,0
31265471122133,11,3210127,134,0.321076,PASS,0,0
31265471312213,11,3362868,142,0.333703,PASS,0,0
31265471313113,11,1897341,80,0.268253,PASS,0,0
31265471321111,11,4094401,174,0.364410,PASS,0,0
31265472233321,11,4422328,183,0.366564,PASS,0,0
31265472312233,11,2462420,104,0.292374,PASS,0,0
31265741233331,11,2486087,107,0.289263,PASS,0,0
31267542222233,11,3116549,130,0.318986,PASS,0,0
31267542313133,11,3505837,147,0.331664,PASS,0,0
31275461112233,11,3453921,147,0.334893,PASS,0,0
31275461322233,11,3534296,155,0.344107,PASS,0,0
31275462133211,11,3043170,127,0.317020,PASS,0,0
31275462223211,11,3155910,135,0.330090,PASS,0,0
31275462311213,11,3261605,143,0.332772,PASS,0,0
31275462312212,11,3354528,144,0.332753,PASS,0,0
31275463311122,11,3242625,140,0.326834,PASS,0,0
31276452133322,11,2262869,95,0.279486,PASS,0,0
31276452313313,11,5222465,214,0.397491,PASS,0,0
31452671323211,11,3826894,164,0.353788,PASS,0,0
31452671332232,11,2694637,113,0.294498,PASS,0,0
31452672322331,11,3620190,150,0.344368,PASS,0,0
31456722111221,11,1978224,86,0.275344,PASS,0,0
31462751111111,11,9960500,410,0.591440,PASS,0,0
31462751113322,11,2830718,122,0.311161,PASS,0,0
31475261322233,11,3562834,148,0.337446,PASS,0,0
31475262331313,11,4753566,196,0.389846,PASS,0,0
31475262333221,11,3110617,136,0.320308,PASS,0,0
31524673332122,11,3669842,152,0.336407,PASS,0,0
31527643332122,11,2623705,113,0.298701,PASS,0,0
31564272212111,11,3398764,141,0.331090,PASS,0,0
31564272213311,11,2534835,107,0.292580,PASS,0,0
31564273113311,11,2255895,103,0.287843,PASS,0,0
31572461122133,11,8157070,332,0.520163,PASS,0,0
31624751112233,11,3926071,164,0.351496,PASS,0,0
31624753312211,11,3558630,151,0.337188,PASS,0,0
31627452221333,11,2769837,117,0.299377,PASS,0,0
31654272313322,11,2527844,106,0.286354,PASS,0,0
31754621331122,11,3872817,163,0.353274,PASS,0,0
31765242322121,11,2415845,105,0.297299,PASS,0,0
32145671111111,11,17600176,766,0.959500,PASS,0,0
32145671123333,11,2699312,113,0.324274,PASS,0,0
32145671132222,11,2863909,124,0.313877,PASS,0,0
32145671221112,11,1863012,80,0.269845,PASS,0,0
32145671333333,11,2720429,115,0.312128,PASS,0,0
32145672113333,11,2631914,115,0.296388,PASS,0,0
32145672212222,11,2457847,109,0.300057,PASS,0,0
32145673112222,11,2439189,104,0.291155,PASS,0,0
32145673311113,11,1656016,72,0.256554,PASS,0,0
32146751232323,11,3014813,129,0.317726,PASS,0,0
32146752232223,11,3835974,163,0.353526,PASS,0,0
32147562313223,11,2602105,109,0.297064,PASS,0,0
32147562333233,11,4400500,192,0.379310,PASS,0,0
32147651123333,11,2011087,86,0.272042,PASS,0,0
32147651132222,11,1997441,88,0.276177,PASS,0,0
32147651213333,11,2242803,96,0.283624,PASS,0,0
32147651312222,11,1892884,81,0.270541,PASS,0,0
32147652113333,11,1905268,83,0.271723,PASS,0,0
32147652231332,11,2664710,114,0.295343,PASS,0,0
32147652233213,11,3900932,164,0.350308,PASS,0,0
32147652331322,11,2822160,204,0.411330,PASS,0,0
32147652332213,11,3915744,167,0.362417,PASS,0,0
32147653112222,11,1929934,82,0.267394,PASS,0,0
32156471111111,11,5059315,208,0.397864,PASS,0,0
32156471113211,11,4750332,208,0.397572,PASS,0,0
32156471232332,11,2632128,112,0.300131,PASS,0,0
32156472312332,11,2522130,109,0.298136,PASS,0,0
32156472332132,11,2923837,127,0.316115,PASS,0,0
32156472332321,11,4476175,191,0.382547,PASS,0,0
32156472333332,11,3216910,134,0.317799,PASS,0,0
32156473223123,11,1747339,74,0.263964,PASS,0,0
32156741112323,11,13981811,586,0.774537,PASS,0,0
32156742311123,11,3814640,163,0.349693,PASS,0,0
32156742313223,11,3294243,141,0.326249,PASS,0,0
32156742333131,11,3007963,126,0.315915,PASS,0,0
32157641232323,11,3954368,164,0.353692,PASS,0,0
32157642231323,11,2991870,129,0.315436,PASS,0,0
32164571111111,11,2971875,128,0.313460,PASS,0,0
32164571111231,11,2813175,122,0.310619,PASS,0,0
32164571232323,11,3376517,147,0.337653,PASS,0,0
32164572232223,11,2915395,125,0.312470,PASS,0,0
32164572232313,11,3189802,137,0.329603,PASS,0,0
32164572233321,11,5105543,211,0.400895,PASS,0,0
32164572312323,11,4181829,183,0.377233,PASS,0,0
32164573323212,11,1928488,82,0.276337,PASS,0,0
32165741111111,11,3235484,135,0.331864,PASS,0,0
32165741111132,11,2597861,111,0.297253,PASS,0,0
32165741233223,11,3599162,152,0.344894,PASS,0,0
32165742211112,11,2661327,117,0.309220,PASS,0,0
32165742331112,11,3551507,152,0.339992,PASS,0,0
32165743311131,11,2483958,105,0.296438,PASS,0,0
32167451111111,11,14160954,582,0.768696,PASS,0,0
32167451213333,11,2608741,114,0.303551,PASS,0,0
32167451222222,11,2579366,109,0.297345,PASS,0,0
32167451312222,11,2331528,103,0.296133,PASS,0,0
32167451333111,11,1727461,78,0.265114,PASS,0,0
32167452211121,11,1733734,78,0.266913,PASS,0,0
32167453222313,11,1557926,67,0.254037,PASS,0,0
32167453313333,11,2558930,110,0.297826,PASS,0,0
32167453321232,11,1871303,80,0.268690,PASS,0,0
32174561112323,11,12281454,507,0.692600,PASS,0,0
32174561232113,11,2722952,119,0.305934,PASS,0,0
32174561232233,11,3724256,164,0.353213,PASS,0,0
32174562231212,11,3468358,144,0.326198,PASS,0,0
32174652312332,11,3521483,156,0.344619,PASS,0,0
32174652332132,11,2575405,111,0.300009,PASS,0,0
32175461111111,11,5109807,210,0.403633,PASS,0,0
32175461113112,11,4157350,180,0.368717,PASS,0,0
32175461221112,11,2215531,96,0.279581,PASS,0,0
32175461333111,11,1966528,86,0.275485,PASS,0,0
32175462233111,11,3465871,147,0.333994,PASS,0,0
32175462312323,11,3465088,144,0.335217,PASS,0,0
32416753121222,11,3525585,146,0.343028,PASS,0,0
32417562113321,11,3433095,143,0.336784,PASS,0,0
32417652132131,11,2370442,104,0.296790,PASS,0,0
32417653132121,11,2226450,94,0.283328,PASS,0,0
32451762331121,11,1981232,84,0.277312,PASS,0,0
32456173212332,11,1534247,66,0.251162,PASS,0,0
32456711233133,11,3645672,151,0.337285,PASS,0,0
32465172112121,11,2661082,112,0.303386,PASS,0,0
32465172132131,11,1866029,80,0.265371,PASS,0,0
32465172133121,11,2373828,103,0.288695,PASS,0,0
32465172332321,11,2927898,122,0.305676,PASS,0,0
32465173123121,11,1997146,85,0.273348,PASS,0,0
32465173132121,11,2882476,126,0.310626,PASS,0,0
32465173133111,11,2167851,94,0.278480,PASS,0,0
32465173233221,11,2821806,118,0.306261,PASS,0,0
32475161232323,11,3011404,128,0.318356,PASS,0,0
32475163331222,11,1983147,84,0.269640,PASS,0,0
32476513232231,11,2497278,105,0.288992,PASS,0,0
32517463131311,11,4038655,174,0.363230,PASS,0,0
32546713323212,11,1692571,77,0.264594,PASS,0,0
32547611121113,11,2791148,120,0.311698,PASS,0,0
32547611131112,11,2623801,109,0.294951,PASS,0,0
32547611213111,11,2537702,106,0.291002,PASS,0,0
32547611312111,11,2834557,122,0.311233,PASS,0,0
32547612111311,11,2908006,121,0.305697,PASS,0,0
32547613111211,11,2604645,113,0.307163,PASS,0,0
32561471113133,11,2099982,91,0.279382,PASS,0,0
32561471121311,11,3061020,128,0.312809,PASS,0,0
32561471122211,11,2113575,91,0.284091,PASS,0,0
32561471131211,11,2929228,122,0.310812,PASS,0,0
32561471211131,11,3533528,156,0.348736,PASS,0,0
32561471311121,11,3217200,143,0.333570,PASS,0,0
32561472133313,11,2850817,119,0.301486,PASS,0,0
32561472213122,11,2281329,97,0.286984,PASS,0,0
32561473222223,11,1745017,74,0.259328,PASS,0,0
32561473323212,11,1823913,78,0.268127,PASS,0,0
32567412122222,11,1993698,90,0.279362,PASS,0,0
32567412131312,11,3718382,163,0.351944,PASS,0,0
32567412222212,11,6239199,258,0.447298,PASS,0,0
32567413131212,11,3222565,140,0.331205,PASS,0,0
32567413133333,11,2732017,117,0.306363,PASS,0,0
32576142313223,11,2778044,121,0.309630,PASS,0,0
32615473332122,11,1720133,74,0.260060,PASS,0,0
32647152133121,11,2631507,113,0.294038,PASS,0,0
32647153132121,11,1958975,84,0.270872,PASS,0,0
32647512333233,11,3673726,152,0.333537,PASS,0,0
32657143121213,11,4153471,171,0.354599,PASS,0,0
32657412111212,11,2289155,98,0.290185,PASS,0,0
32671453123313,11,3582053,155,0.339743,PASS,0,0
32674152113333,11,3574862,154,0.338723,PASS,0,0
32714652332132,11,2279570,97,0.288307,PASS,0,0
32716452123212,11,3541604,152,0.336645,PASS,0,0
32741651121311,11,3789959,159,0.351155,PASS,0,0
32741651131211,11,2935373,126,0.316632,PASS,0,0
32741651211131,11,3283868,143,0.332740,PASS,0,0
32741651311121,11,3285876,142,0.333448,PASS,0,0
32741652111113,11,2844205,123,0.313431,PASS,0,0
32741653111112,11,2820859,120,0.310072,PASS,0,0
32745611223332,11,3834636,158,0.339245,PASS,0,0
32745612313322,11,5243248,228,0.416325,PASS,0,0
32745612322331,11,2041765,90,0.281889,PASS,0,0
32751643321232,11,2265100,100,0.292663,PASS,0,0
32754163211123,11,2278655,96,0.278614,PASS,0,0
32756141233121,11,2824177,124,0.311241,PASS,0,0
32761452121313,11,3601878,155,0.345962,PASS,0,0
32761452122222,11,2919510,125,0.317076,PASS,0,0
32761452222212,11,2311194,99,0.291790,PASS,0,0
32761453121312,11,4518365,190,0.372938,PASS,0,0
32761453133333,11,2192265,92,0.281442,PASS,0,0
32765411112221,11,1988905,85,0.275693,PASS,0,0
32765411121113,11,2689376,115,0.305128,PASS,0,0
32765411131112,11,2639959,111,0.304114,PASS,0,0
32765411133113,11,1738101,74,0.262505,PASS,0,0
32765411331113,11,1750528,78,0.265449,PASS,0,0
32765412221312,11,4402362,187,0.376913,PASS,0,0
32765412323222,11,3060420,130,0.311690,PASS,0,0
32765413122212,11,4248673,190,0.377962,PASS,0,0
32765413223312,11,1700855,73,0.263604,PASS,0,0
32765413231223,11,1977830,84,0.268506,PASS,0,0
32765413322312,11,1690816,75,0.261984,PASS,0,0
34125672131213,11,4311871,180,0.368225,PASS,0,0
34125672131312,11,3804166,158,0.349131,PASS,0,0
34125672221222,11,2095518,91,0.280985,PASS,0,0
34125673133333,11,2026217,87,0.273583,PASS,0,0
34127651121113,11,2534270,107,0.292150,PASS,0,0
34127651131112,11,2572750,111,0.299162,PASS,0,0
34127651213111,11,2723499,114,0.306735,PASS,0,0
34127651312111,11,2600837,109,0.296540,PASS,0,0
34127652111311,11,2379412,106,0.292583,PASS,0,0
34127653111211,11,2953307,125,0.314497,PASS,0,0
34162752132212,11,2983992,125,0.310562,PASS,0,0
34165271112212,11,2196793,94,0.274977,PASS,0,0
34165271121311,11,3429144,147,0.336466,PASS,0,0
34165271131211,11,3275821,136,0.324512,PASS,0,0
34165271211131,11,3709817,154,0.340507,PASS,0,0
34165271311121,11,2667668,112,0.297449,PASS,0,0
34165271311133,11,1597284,70,0.258720,PASS,0,0
34165272323333,11,2464194,105,0.290860,PASS,0,0
34165273133312,11,3393844,143,0.334042,PASS,0,0
34165273222322,11,1626304,70,0.256615,PASS,0,0
34165273311131,11,1829596,79,0.266218,PASS,0,0
34167252213323,11,2928281,124,0.314806,PASS,0,0
34172562132332,11,2942629,130,0.322687,PASS,0,0
34172562313331,11,2517026,107,0.295254,PASS,0,0
34175263321232,11,1825941,78,0.263421,PASS,0,0
34216572213122,11,3214469,135,0.322540,PASS,0,0
34261572132131,11,2150143,91,0.277331,PASS,0,0
34261572133121,11,2418821,101,0.300200,PASS,0,0
34261573123121,11,2427741,102,0.288518,PASS,0,0
34265712212132,11,3003420,125,0.311058,PASS,0,0
34275161312213,11,7682267,325,0.516209,PASS,0,0
34275162112322,11,3149669,140,0.328325,PASS,0,0
34275162213221,11,3109923,129,0.322250,PASS,0,0
34516271111111,11,2732139,114,0.304015,PASS,0,0
34516272312332,11,2737358,120,0.304156,PASS,0,0
34516722313223,11,3810685,160,0.347180,PASS,0,0
34517622231323,11,3534195,152,0.353578,PASS,0,0
34521672223232,11,2777718,118,0.307399,PASS,0,0
34526713232312,11,2268465,96,0.278208,PASS,0,0
34527612211322,11,3158094,138,0.328323,PASS,0,0
34527612231122,11,3107478,136,0.324458,PASS,0,0
34527612231332,11,2954460,127,0.307961,PASS,0,0
34527612331322,11,3151797,136,0.330609,PASS,0,0
34527613312133,11,2644075,119,0.313333,PASS,0,0
34561272122123,11,2413459,108,0.300185,PASS,0,0
34561272122321,11,2603701,110,0.300834,PASS,0,0
34561272212213,11,3371995,147,0.347405,PASS,0,0
34561272213122,11,2026933,86,0.274317,PASS,0,0
34561272232211,11,4196554,178,0.361131,PASS,0,0
34561273221233,11,1702501,73,0.263209,PASS,0,0
34561273233131,11,2819332,120,0.309321,PASS,0,0
34561273311233,11,2083795,88,0.272129,PASS,0,0
34561273313321,11,2926351,123,0.315438,PASS,0,0
34561273321133,11,1795864,78,0.266687,PASS,0,0
34561273321223,11,1875800,80,0.273027,PASS,0,0
34561721111111,11,3001792,125,0.311433,PASS,0,0
34562171321111,11,2079417,89,0.270411,PASS,0,0
34562171321231,11,2252024,97,0.281970,PASS,0,0
34562172232313,11,3182137,139,0.323224,PASS,0,0
34567212223232,11,3071085,130,0.322943,PASS,0,0
34617252111212,11,2489410,106,0.292530,PASS,0,0
34617252123212,11,3060581,127,0.315719,PASS,0,0
34617252132212,11,2649800,114,0.307925,PASS,0,0
34617522221333,11,2120886,92,0.280799,PASS,0,0
34621572132131,11,1833886,78,0.264439,PASS,0,0
34625172111212,11,3081228,128,0.315071,PASS,0,0
34627512232313,11,2763345,121,0.303913,PASS,0,0
34651271123111,11,6206005,265,0.446856,PASS,0,0
34651272332132,11,2194351,94,0.279761,PASS,0,0
34675212222122,11,4294176,183,0.377441,PASS,0,0
34715262221123,11,3430513,147,0.334507,PASS,0,0
34716522223211,11,3383280,147,0.332613,PASS,0,0
34721652121313,11,4579743,189,0.376014,PASS,0,0
34721652131213,11,2978800,124,0.307740,PASS,0,0
34721652221222,11,3547660,147,0.334182,PASS,0,0
34721652222212,11,3174034,132,0.319009,PASS,0,0
34721653333313,11,2380067,102,0.285914,PASS,0,0
34725611212211,11,2084853,90,0.273441,PASS,0,0
34725612111113,11,3732053,162,0.353708,PASS,0,0
34725612121322,11,3672352,158,0.346656,PASS,0,0
34725612231212,11,2659856,116,0.302983,PASS,0,0
34725612231332,11,2381226,101,0.291025,PASS,0,0
34725612322232,11,2286198,99,0.287280,PASS,0,0
34725612331322,11,2690899,115,0.306004,PASS,0,0
34725613111112,11,3997286,176,0.361859,PASS,0,0
34725613111133,11,2373154,101,0.286139,PASS,0,0
34725613132223,11,2449744,103,0.287537,PASS,0,0
34725613311113,11,1857347,79,0.272854,PASS,0,0
34761252323222,11,1617058,72,0.259815,PASS,0,0
35126741232212,11,3327621,138,0.331246,PASS,0,0
35126742231233,11,2694878,116,0.299683,PASS,0,0
35127462331331,11,3613117,155,0.338907,PASS,0,0
35162472122231,11,2120142,91,0.274768,PASS,0,0
35162472123233,11,2413274,105,0.295083,PASS,0,0
35162473122221,11,3074264,133,0.313225,PASS,0,0
35162473323131,11,2886656,121,0.308529,PASS,0,0
35162473332122,11,2416807,104,0.296727,PASS,0,0
35162473332131,11,2678329,114,0.302721,PASS,0,0
35162742213323,11,2737048,115,0.309683,PASS,0,0
35167242132212,11,2310757,97,0.281151,PASS,0,0
35172461232323,11,2900888,124,0.304672,PASS,0,0
35174262213131,11,3117703,135,0.331255,PASS,0,0
35174262231113,11,2647125,116,0.303014,PASS,0,0
35246171111111,11,8805237,382,0.573988,PASS,0,0
35246171113322,11,1833184,78,0.262160,PASS,0,0
35246172213311,11,2765288,121,0.309414,PASS,0,0
35267141223233,11,3012719,131,0.314584,PASS,0,0
35267141321132,11,7526005,335,0.520489,PASS,0,0
35271461322233,11,3836008,165,0.352374,PASS,0,0
35416721113112,11,3607916,154,0.340843,PASS,0,0
35416723232213,11,2698653,117,0.308168,PASS,0,0
35417622223133,11,3255906,142,0.324908,PASS,0,0
35426712131132,11,3655608,156,0.347842,PASS,0,0
35426712311312,11,5082232,227,0.415247,PASS,0,0
35426713111313,11,2572467,111,0.301483,PASS,0,0
35426713131113,11,1842075,78,0.265675,PASS,0,0
35426713312211,11,2913031,128,0.314302,PASS,0,0
35461271111231,11,2736266,117,0.303755,PASS,0,0
35461271321231,11,2200416,96,0.286503,PASS,0,0
35461272222323,11,2174892,92,0.276880,PASS,0,0
35462171131313,11,1456345,65,0.257470,PASS,0,0
35462171212121,11,1910661,81,0.262416,PASS,0,0
35462171221223,11,1370831,59,0.245599,PASS,0,0
35462171332331,11,2434338,109,0.295455,PASS,0,0
35462172213311,11,3515912,146,0.335762,PASS,0,0
35462172223331,11,2669697,114,0.303986,PASS,0,0
35462172312131,11,2910385,125,0.309736,PASS,0,0
35462173123211,11,2256309,97,0.283518,PASS,0,0
35462173131311,11,1991158,87,0.273492,PASS,0,0
35462173221221,11,2220718,96,0.276476,PASS,0,0
35462712322322,11,2920429,126,0.311846,PASS,0,0
35472163222313,11,1795268,77,0.263632,PASS,0,0
35472163231322,11,1939955,83,0.271876,PASS,0,0
35476122221111,11,2139270,92,0.278038,PASS,0,0
35614722321233,11,3706138,166,0.352438,PASS,0,0
35617423131332,11,2047872,91,0.278110,PASS,0,0
35624712121232,11,3018248,127,0.310018,PASS,0,0
35624712321212,11,3305921,139,0.320248,PASS,0,0
35624712321332,11,2669238,117,0.311427,PASS,0,0
35624712331232,11,2525180,110,0.292670,PASS,0,0
35714623111322,11,2055026,90,0.283316,PASS,0,0
35721642221213,11,3385092,148,0.338301,PASS,0,0
35762142222113,11,3408371,141,0.322153,PASS,0,0
36125471111333,11,1737650,76,0.265195,PASS,0,0
36125471212112,11,2729336,116,0.300547,PASS,0,0
36125471213111,11,3774160,167,0.358736,PASS,0,0
36125471222111,11,2736080,119,0.303325,PASS,0,0
36125471312111,11,3846668,167,0.355936,PASS,0,0
36125472111311,11,3295026,141,0.329577,PASS,0,0
36125472121223,11,2372651,100,0.286167,PASS,0,0
36125473111211,11,3410882,149,0.337522,PASS,0,0
36125473232222,11,2232332,95,0.276665,PASS,0,0
36125473323233,11,2184452,92,0.280100,PASS,0,0
36125743222331,11,3690108,159,0.345334,PASS,0,0
36127451333222,11,2910882,123,0.317397,PASS,0,0
36145272122222,11,2765128,115,0.305201,PASS,0,0
36145272131213,11,4197672,185,0.370283,PASS,0,0
36145272131312,11,3966685,171,0.356752,PASS,0,0
36145273333313,11,2317535,98,0.284957,PASS,0,0
36147251121311,11,2797091,118,0.309290,PASS,0,0
36147251131211,11,2908532,128,0.315678,PASS,0,0
36147251211131,11,3465537,149,0.338482,PASS,0,0
36147251311121,11,3135770,132,0.319970,PASS,0,0
36147252111113,11,3102197,136,0.323332,PASS,0,0
36147253111112,11,2584243,112,0.306167,PASS,0,0
36152741231312,11,3515932,146,0.332303,PASS,0,0
36152742131321,11,2203018,92,0.281542,PASS,0,0
36172452133133,11,3567941,149,0.332889,PASS,0,0
36217452131333,11,4452465,194,0.376596,PASS,0,0
36217541223311,11,2566318,113,0.314590,PASS,0,0
36217543213112,11,2919726,129,0.315046,PASS,0,0
36241573212332,11,2124849,91,0.283527,PASS,0,0
36241753212311,11,2519003,108,0.306388,PASS,0,0
36415272123212,11,2255735,98,0.292369,PASS,0,0
36417522123311,11,2471582,108,0.306022,PASS,0,0
36514272212111,11,3984814,169,0.357434,PASS,0,0
36521472113321,11,5327086,226,0.414803,PASS,0,0
36521472331121,11,3832751,165,0.356236,PASS,0,0
36527411131133,11,1636742,70,0.268388,PASS,0,0
36527412111113,11,3478889,146,0.335579,PASS,0,0
36527412131222,11,2777331,117,0.301407,PASS,0,0
36527412211322,11,2735112,122,0.317863,PASS,0,0
36527412221312,11,3559542,148,0.341428,PASS,0,0
36527412231122,11,2385328,102,0.297355,PASS,0,0
36527412322232,11,2306258,104,0.293877,PASS,0,0
36527413111112,11,4407284,184,0.371885,PASS,0,0
36527413311311,11,1475005,63,0.248170,PASS,0,0
36541272323222,11,1671373,72,0.259653,PASS,0,0
36542712121322,11,2203464,95,0.284056,PASS,0,0
36547212121313,11,4981068,212,0.404504,PASS,0,0
36547212122222,11,5477616,225,0.409650,PASS,0,0
36547212131312,11,3308064,147,0.338085,PASS,0,0
36547212221222,11,2597915,110,0.299105,PASS,0,0
36547213331333,11,2020632,91,0.273832,PASS,0,0
36712542121112,11,2352279,99,0.292379,PASS,0,0
36712542121121,11,2419733,107,0.289604,PASS,0,0
36712542121211,11,3259871,135,0.325161,PASS,0,0
36712542122111,11,2196227,93,0.278769,PASS,0,0
36714252232223,11,1788822,78,0.264667,PASS,0,0
36714521232113,11,3258613,142,0.329023,PASS,0,0
36714522121322,11,6344751,260,0.448436,PASS,0,0
36714522122213,11,2703096,115,0.304811,PASS,0,0
36714523132223,11,1876090,81,0.270822,PASS,0,0
36714523132322,11,1992690,90,0.275412,PASS,0,0
36721451131331,11,1752261,75,0.264783,PASS,0,0
36721452121322,11,3157352,133,0.321817,PASS,0,0
36721452122123,11,1575091,69,0.251416,PASS,0,0
36721452122213,11,3765738,167,0.349017,PASS,0,0
36721452122321,11,1779051,78,0.261895,PASS,0,0
36721452131111,11,2932767,122,0.309048,PASS,0,0
36721452223232,11,3033354,127,0.315879,PASS,0,0
36721453113113,11,2133336,97,0.283425,PASS,0,0
36721453121111,11,4883283,202,0.387922,PASS,0,0
36725411121212,11,4232163,178,0.369621,PASS,0,0
36725411131313,11,1833313,78,0.262940,PASS,0,0
36725411212121,11,1923330,82,0.276188,PASS,0,0
36725411313131,11,2563686,110,0.296639,PASS,0,0
36725412111212,11,3165366,133,0.316017,PASS,0,0
36725412121112,11,4223036,175,0.362285,PASS,0,0
36725412121211,11,3150560,136,0.321126,PASS,0,0
36725412121232,11,2647873,112,0.302476,PASS,0,0
36725412123212,11,4372350,180,0.366276,PASS,0,0
36725412321212,11,4361245,192,0.383308,PASS,0,0
36725413111313,11,2056177,88,0.281730,PASS,0,0
36725413131113,11,1902453,81,0.262066,PASS,0,0
36725413131311,11,2133643,91,0.281076,PASS,0,0
36741252122123,11,2544150,108,0.303226,PASS,0,0
36741252122321,11,2918617,124,0.311519,PASS,0,0
36741252122333,11,2716971,118,0.310532,PASS,0,0
36741252123323,11,2535045,107,0.294431,PASS,0,0
36741253233131,11,2236470,95,0.280198,PASS,0,0
36745211211221,11,1829885,78,0.270873,PASS,0,0
36745212121223,11,3149011,132,0.317802,PASS,0,0
36745212122312,11,2518623,110,0.297022,PASS,0,0
36745212122333,11,1727223,74,0.263002,PASS,0,0
36745212123323,11,2548522,108,0.292548,PASS,0,0
36745212131111,11,2846167,129,0.316742,PASS,0,0
36745212223232,11,3145319,137,0.320692,PASS,0,0
36745213121111,11,3689187,157,0.343792,PASS,0,0
36745213131131,11,2305062,97,0.284412,PASS,0,0
36745213133111,11,1909123,82,0.269682,PASS,0,0
36745213232213,11,2264222,101,0.288244,PASS,0,0
36751243222322,11,1656712,70,0.255803,PASS,0,0
36752142122132,11,2399011,103,0.289224,PASS,0,0
36752142123221,11,2972423,125,0.311153,PASS,0,0
36752143132232,11,1800833,78,0.273633,PASS,0,0
36752143133222,11,1699464,74,0.260714,PASS,0,0
36752143211132,11,2782644,116,0.307915,PASS,0,0
36754123232222,11,2556774,108,0.302147,PASS,0,0
37246511112233,11,3410529,146,0.333733,PASS,0,0
37256142321233,11,2837781,121,0.313592,PASS,0,0
37415622333221,11,2821829,124,0.315586,PASS,0,0
37426513132313,11,2395109,102,0.290873,PASS,0,0
37452162323312,11,2680967,113,0.295084,PASS,0,0
37516422333311,11,3516073,155,0.346666,PASS,0,0
37561241311112,11,3679628,154,0.353135,PASS,0,0
37612453122233,11,2376600,106,0.292780,PASS,0,0
37612542221111,11,2723215,123,0.316328,PASS,0,0
37614252221123,11,1812699,79,0.271880,PASS,0,0
37614521111111,11,3152085,135,0.326457,PASS,0,0
37614521323232,11,2796460,123,0.317867,PASS,0,0
37614522111221,11,1930182,83,0.270682,PASS,0,0
37614522113321,11,2602112,115,0.310579,PASS,0,0
37614522313322,11,3255253,144,0.330399,PASS,0,0
37614522323312,11,2051104,89,0.281508,PASS,0,0
37614523232213,11,2933052,123,0.312780,PASS,0,0
37615421113322,11,3444792,144,0.328512,PASS,0,0
37615422211133,11,4511306,203,0.390770,PASS,0,0
37615422223133,11,3404921,147,0.338421,PASS,0,0
37615422313121,11,2341610,104,0.296384,PASS,0,0
37615422313331,11,2199607,94,0.281866,PASS,0,0
37615423121132,11,2096371,91,0.286666,PASS,0,0
37624152311213,11,2479321,109,0.297436,PASS,0,0
37624511232233,11,3702017,161,0.348347,PASS,0,0
37624512121322,11,5109463,212,0.400689,PASS,0,0
37624512231212,11,3441912,151,0.380523,PASS,0,0
37624513131323,11,1858944,79,0.269022,PASS,0,0
37624513231313,11,2310956,100,0.296572,PASS,0,0
37641252222323,11,3172062,134,0.328655,PASS,0,0
37642152213311,11,4781933,213,0.408108,PASS,0,0
37642513122221,11,2311918,102,0.289662,PASS,0,0
37645122312221,11,2322034,99,0.285246,PASS,0,0
37651242211133,11,3914848,162,0.354735,PASS,0,0
37651422312311,11,3433184,158,0.350825,PASS,0,0
37652141113232,11,2154959,92,0.281244,PASS,0,0
37652143231322,11,2379187,103,0.290546,PASS,0,0
37654212311222,11,2326587,99,0.299880,PASS,0,0
41236753232321,11,2574131,112,0.301787,PASS,0,0
41237561313131,11,2957649,135,0.330222,PASS,0,0
41263751312222,11,3857593,162,0.355890,PASS,0,0
41325671212211,11,2550931,108,0.295338,PASS,0,0
41325762313223,11,4630883,193,0.381154,PASS,0,0
41325763131233,11,2440900,107,0.298126,PASS,0,0
41352671212112,11,2127430,95,0.282200,PASS,0,0
41352671212121,11,2713169,119,0.306840,PASS,0,0
41352671222111,11,2506550,110,0.298538,PASS,0,0
41357622313112,11,4856185,210,0.397026,PASS,0,0
41367253111133,11,3143708,139,0.334962,PASS,0,0
41532672313211,11,6141083,264,0.447125,PASS,0,0
41532761233133,11,2421452,105,0.294033,PASS,0,0
41563273113311,11,1812386,78,0.267708,PASS,0,0
41576322212222,11,3453074,143,0.333701,PASS,0,0
41625372313211,11,8076560,353,0.540103,PASS,0,0
41625373121213,11,3014432,131,0.319848,PASS,0,0
41625731222231,11,1541527,68,0.261579,PASS,0,0
41635721212121,11,4177111,185,0.365763,PASS,0,0
41657321222312,11,1943349,85,0.266072,PASS,0,0
41673252212222,11,2127311,94,0.282330,PASS,0,0
41673521111111,11,2737178,119,0.299563,PASS,0,0
41723562313211,11,6700623,302,0.488748,PASS,0,0
41725361232113,11,2886538,126,0.315218,PASS,0,0
41725361321213,11,2520906,108,0.290156,PASS,0,0
41725362221213,11,3212179,134,0.324057,PASS,0,0
41725362313211,11,2864645,119,0.306963,PASS,0,0
41725362313223,11,4032349,185,0.373917,PASS,0,0
41725363121222,11,2160011,94,0.287684,PASS,0,0
41725363121231,11,2751678,116,0.306032,PASS,0,0
41725631111111,11,2846881,123,0.304362,PASS,0,0
41725631211122,11,2299221,99,0.288759,PASS,0,0
41725632322331,11,2227977,94,0.280345,PASS,0,0
41725633111133,11,2384354,108,0.296082,PASS,0,0
41725633121123,11,3229082,137,0.326079,PASS,0,0
41725633211111,11,2576360,108,0.290510,PASS,0,0
41726352313322,11,2603879,109,0.305555,PASS,0,0
41726532312233,11,2426890,107,0.296879,PASS,0,0
41735261323313,11,2879943,125,0.309553,PASS,0,0
41735262312233,11,3091360,136,0.320820,PASS,0,0
41735263123223,11,3169803,135,0.318396,PASS,0,0
41735621233232,11,1758333,83,0.290724,PASS,0,0
41735622313322,11,5010789,260,0.449206,PASS,0,0
41736521233232,11,2583144,128,0.332798,PASS,0,0
41736522332231,11,2543448,125,0.333028,PASS,0,0
41752631222123,11,2792648,122,0.321307,PASS,0,0
41752632311123,11,3732001,156,0.352043,PASS,0,0
41752632312323,11,3294207,138,0.329938,PASS,0,0
41752632313211,11,8943738,373,0.559842,PASS,0,0
41756231321213,11,3620194,162,0.358692,PASS,0,0
41756233121231,11,2862096,126,0.313374,PASS,0,0
41762532221333,11,2826016,122,0.314412,PASS,0,0
41762533123331,11,1960391,86,0.275815,PASS,0,0
41765231233232,11,2066190,90,0.289863,PASS,0,0
41765322221312,11,2312444,101,0.296948,PASS,0,0
41765322313211,11,4775916,201,0.394658,PASS,0,0
41765323122212,11,2922853,122,0.317168,PASS,0,0
42136752131312,11,1903806,86,0.282997,PASS,0,0
42137561123333,11,2721335,117,0.315463,PASS,0,0
42137653122131,11,2316226,100,0.288378,PASS,0,0
42137653132121,11,2364874,101,0.291655,PASS,0,0
42157633231322,11,2987883,134,0.322483,PASS,0,0
42163751121212,11,2849154,123,0.309240,PASS,0,0
42165373223123,11,1392883,61,0.252862,PASS,0,0
42167532131333,11,2382521,108,0.295664,PASS,0,0
42315673112111,11,3411404,155,0.344039,PASS,0,0
42351671212211,11,2722353,117,0.303342,PASS,0,0
42351763231133,11,3817546,169,0.357360,PASS,0,0
42367153111121,11,2673979,118,0.303678,PASS,0,0
42367153211123,11,2602154,111,0.291618,PASS,0,0
42516372233111,11,3083642,138,0.327365,PASS,0,0
42561733323122,11,1935688,83,0.268027,PASS,0,0
42573612323231,11,2264886,99,0.285696,PASS,0,0
42573613322231,11,2152438,97,0.283460,PASS,0,0
42613572313211,11,6708155,309,0.502544,PASS,0,0
42615371313332,11,3129659,140,0.324176,PASS,0,0
42615372213311,11,4031638,182,0.376555,PASS,0,0
42615372221213,11,3221677,136,0.320117,PASS,0,0
42615372313211,11,3011700,136,0.328485,PASS,0,0
42651372213311,11,4474070,200,0.382480,PASS,0,0
42651733311122,11,3048369,136,0.320492,PASS,0,0
42673512232133,11,3397524,153,0.349681,PASS,0,0
42751632321233,11,2918370,124,0.314721,PASS,0,0
42751632323231,11,3768567,167,0.358061,PASS,0,0
43126572133313,11,2030804,89,0.273591,PASS,0,0
43167251232212,11,2441787,110,0.301090,PASS,0,0
43176252123131,11,3523418,149,0.336501,PASS,0,0
43176252311132,11,3807458,167,0.361376,PASS,0,0
43216573132121,11,2193070,99,0.280935,PASS,0,0
43216573132223,11,1997727,86,0.275152,PASS,0,0
43216573212311,11,2769415,122,0.307975,PASS,0,0
43216573212332,11,3238958,154,0.349203,PASS,0,0
43512671313332,11,2444166,105,0.293217,PASS,0,0
43527612312323,11,2271356,99,0.291565,PASS,0,0
43561271111111,11,4399949,191,0.379018,PASS,0,0
43571262122222,11,1843371,81,0.269880,PASS,0,0
43572161111111,11,4413702,197,0.384788,PASS,0,0
43572612312323,11,4166397,173,0.366091,PASS,0,0
43576211123222,11,2076877,91,0.282521,PASS,0,0
43576212112232,11,3845435,175,0.364884,PASS,0,0
43615271333312,11,2046954,90,0.275685,PASS,0,0
43615272113321,11,2579485,110,0.306701,PASS,0,0
43617521223221,11,2463286,107,0.287299,PASS,0,0
43621752213323,11,2599582,113,0.302345,PASS,0,0
43651722323132,11,3010034,126,0.313161,PASS,0,0
43675122222122,11,3989019,168,0.365649,PASS,0,0
43675211221331,11,1692812,73,0.267549,PASS,0,0
43721653231313,11,2185031,99,0.296819,PASS,0,0
43751623123313,11,4606981,197,0.381918,PASS,0,0
43765212222122,11,3937953,177,0.371521,PASS,0,0
45167323322231,11,2228849,96,0.293750,PASS,0,0
45176231131313,11,4555227,207,0.399581,PASS,0,0
45176231133113,11,4351432,179,0.367300,PASS,0,0
45176231331113,11,4470411,185,0.371223,PASS,0,0
45176233131113,11,3841013,162,0.347601,PASS,0,0
45176321131133,11,5505862,241,0.435156,PASS,0,0
45213672221123,11,2729097,122,0.307390,PASS,0,0
45273162222122,11,2380180,101,0.291163,PASS,0,0
45276131131133,11,4492072,189,0.374793,PASS,0,0
45312671222312,11,1584686,68,0.256366,PASS,0,0
45312672223331,11,3732485,161,0.346478,PASS,0,0
45312672233321,11,3488730,145,0.331500,PASS,0,0
45312672313211,11,7870507,354,0.539954,PASS,0,0
45312673132313,11,3002758,132,0.320456,PASS,0,0
45312673222112,11,2299171,100,0.291865,PASS,0,0
45312673231313,11,2517078,110,0.296893,PASS,0,0
45312761113211,11,3757872,156,0.342517,PASS,0,0
45312761133311,11,2525817,107,0.294853,PASS,0,0
45312762221111,11,2850395,120,0.305302,PASS,0,0
45312762311111,11,3642623,157,0.347090,PASS,0,0
45321671212211,11,2383737,103,0.300244,PASS,0,0
45321671221121,11,1953163,84,0.276671,PASS,0,0
45321673113311,11,2997309,133,0.320888,PASS,0,0
45327612222323,11,2523627,106,0.300255,PASS,0,0
45362712122222,11,4061198,178,0.365177,PASS,0,0
45367122223133,11,4185173,187,0.376768,PASS,0,0
45367211111132,11,3832837,167,0.347043,PASS,0,0
45367211211122,11,2675503,115,0.316126,PASS,0,0
45367213111133,11,2363642,106,0.288782,PASS,0,0
45376121131133,11,4928780,208,0.402706,PASS,0,0
45376121331311,11,3281649,137,0.326251,PASS,0,0
45376211333123,11,2492810,110,0.303294,PASS,0,0
45376213131323,11,3048409,133,0.322104,PASS,0,0
45376213333322,11,3528667,157,0.340828,PASS,0,0
45612371133221,11,2788096,124,0.320883,PASS,0,0
45612372331121,11,2219039,95,0.288286,PASS,0,0
45612373112231,11,2331657,100,0.290246,PASS,0,0
45612373132121,11,2966080,129,0.321946,PASS,0,0
45612373132223,11,2089442,91,0.277628,PASS,0,0
45612373322111,11,2506670,105,0.299737,PASS,0,0
45612373332122,11,2072320,91,0.278536,PASS,0,0
45612373332221,11,2607687,111,0.303171,PASS,0,0
45613271331221,11,1804028,82,0.271623,PASS,0,0
45613272233111,11,2427848,108,0.298235,PASS,0,0
45621373123331,11,2023407,88,0.272645,PASS,0,0
45621373211111,11,3736193,165,0.363593,PASS,0,0
45621732212123,11,3116497,132,0.321615,PASS,0,0
45621732233333,11,2972530,133,0.331238,PASS,0,0
45623712332123,11,2337842,100,0.290234,PASS,0,0
45623713322321,11,1953201,89,0.274228,PASS,0,0
45637123132121,11,2494726,113,0.301092,PASS,0,0
45637123332122,11,2091304,91,0.288845,PASS,0,0
45671231132231,11,1851327,85,0.277571,PASS,0,0
45671233112132,11,2523219,108,0.299359,PASS,0,0
45673212212132,11,3069140,138,0.334783,PASS,0,0
45673213211222,11,2176158,97,0.288116,PASS,0,0
45713623223132,11,2620785,110,0.291436,PASS,0,0
45721363321313,11,3480278,154,0.346741,PASS,0,0
45721363322231,11,2594644,116,0.305912,PASS,0,0
45732612233321,11,2132800,93,0.279327,PASS,0,0
45736121122211,11,2953537,130,0.319250,PASS,0,0
46123571111111,11,3351529,152,0.340111,PASS,0,0
46123573232123,11,3665202,156,0.351606,PASS,0,0
46125731333123,11,2594313,111,0.302765,PASS,0,0
46127351131313,11,2297462,100,0.293883,PASS,0,0
46127352131333,11,3902881,164,0.354580,PASS,0,0
46127353131323,11,3115098,132,0.328931,PASS,0,0
46135272133313,11,3345284,142,0.342903,PASS,0,0
46153273131131,11,2811519,123,0.311636,PASS,0,0
46157233333232,11,2198448,97,0.296860,PASS,0,0
46157321331233,11,1915329,84,0.277126,PASS,0,0
46215372121223,11,2431377,105,0.301388,PASS,0,0
46215372313211,11,4154217,182,0.385468,PASS,0,0
46257132211133,11,4292061,192,0.380679,PASS,0,0
46257313312211,11,4890761,236,0.448796,PASS,0,0
46273512122312,11,2987702,132,0.319672,PASS,0,0
46273513221212,11,2597974,109,0.296899,PASS,0,0
46275311123222,11,2292834,102,0.328945,PASS,0,0
46275312112232,11,3899734,171,0.363335,PASS,0,0
46275312132212,11,3835103,167,0.357347,PASS,0,0
46275312232133,11,4455580,192,0.378757,PASS,0,0
46275312313211,11,2857885,121,0.319241,PASS,0,0
46275313121222,11,2058832,87,0.275000,PASS,0,0
46275313312211,11,3540461,148,0.344213,PASS,0,0
46321752111131,11,3139090,142,0.337082,PASS,0,0
46352171211233,11,2676607,116,0.304500,PASS,0,0
46352172113231,11,4571015,199,0.393701,PASS,0,0
46372511221331,11,1978812,89,0.283944,PASS,0,0
46375211211332,11,2961492,123,0.316752,PASS,0,0
46375212113111,11,2867910,130,0.329977,PASS,0,0
46375212132131,11,1717946,76,0.276204,PASS,0,0
46375212132221,11,3431285,154,0.340242,PASS,0,0
46375212332222,11,3551926,149,0.343148,PASS,0,0
46375213112111,11,3203378,146,0.339993,PASS,0,0
46375213123121,11,2244179,100,0.286712,PASS,0,0
46375213333121,11,2430147,106,0.298841,PASS,0,0
46512371331221,11,2050209,88,0.284970,PASS,0,0
46512372113321,11,4867672,207,0.402205,PASS,0,0
46513272332111,11,2490777,110,0.296112,PASS,0,0
46513273113221,11,2100003,90,0.275111,PASS,0,0
46523711331332,11,2391506,107,0.297304,PASS,0,0
46527133111121,11,2720806,116,0.317090,PASS,0,0
46572311223122,11,2803996,120,0.322666,PASS,0,0
46572312132122,11,2553222,108,0.295368,PASS,0,0
46721533123313,11,2216021,94,0.297683,PASS,0,0
47123562232133,11,3423842,144,0.335666,PASS,0,0
47123651233232,11,2555553,117,0.310339,PASS,0,0
47126351233232,11,2486356,107,0.303818,PASS,0,0
47126532133133,11,3283217,148,0.335185,PASS,0,0
47132562311111,11,2265055,102,0.286614,PASS,0,0
47132563222331,11,3059465,133,0.319548,PASS,0,0
47132652233321,11,4165733,192,0.383518,PASS,0,0
47135622132332,11,2725573,119,0.316267,PASS,0,0
47136252133112,11,3801448,161,0.354717,PASS,0,0
47152361233232,11,1990056,85,0.278487,PASS,0,0
47152631322131,11,2201411,95,0.288324,PASS,0,0
47156231332313,11,3694237,156,0.344026,PASS,0,0
47156233211132,11,3617705,162,0.364118,PASS,0,0
47156233223312,11,2346508,103,0.296649,PASS,0,0
47156233233113,11,4358103,194,0.394007,PASS,0,0
47156233322312,11,1964970,85,0.278865,PASS,0,0
47156321111111,11,2640995,113,0.310832,PASS,0,0
47156321133311,11,3003229,126,0.320338,PASS,0,0
47156322132311,11,3689038,155,0.342617,PASS,0,0
47156322313232,11,2715464,117,0.307612,PASS,0,0
47156322332132,11,1710342,74,0.264757,PASS,0,0
47156322332312,11,3312743,139,0.330616,PASS,0,0
47156323223123,11,2262944,96,0.314594,PASS,0,0
47162351322122,11,2409352,102,0.297286,PASS,0,0
47163522131222,11,2886065,128,0.315016,PASS,0,0
47165321232113,11,2885957,129,0.315820,PASS,0,0
47165321322131,11,3798763,168,0.355127,PASS,0,0
47165322132212,11,3828836,165,0.351234,PASS,0,0
47165322133112,11,3901949,163,0.356722,PASS,0,0
47165322232133,11,4274119,179,0.369074,PASS,0,0
47165322313211,11,2988094,127,0.313669,PASS,0,0
47216352131333,11,3937163,168,0.354585,PASS,0,0
47251363131113,11,2448703,109,0.299270,PASS,0,0
47251632131312,11,3939380,165,0.360182,PASS,0,0
47256133212311,11,2894923,125,0.326604,PASS,0,0
47256133321232,11,2308608,97,0.289626,PASS,0,0
47265312122222,11,3671054,163,0.355266,PASS,0,0
47265312131312,11,3883632,161,0.345859,PASS,0,0
47265312313211,11,7653912,318,0.510059,PASS,0,0
47321651311133,11,2666111,117,0.305201,PASS,0,0
47352612123131,11,1963604,88,0.276896,PASS,0,0
47352612311132,11,2035532,89,0.277267,PASS,0,0
47352612313211,11,5913855,269,0.454089,PASS,0,0
47512632312323,11,2166761,100,0.294072,PASS,0,0
47621532232331,11,2179839,95,0.282472,PASS,0,0
47621533231121,11,2647326,122,0.311388,PASS,0,0
47632152233321,11,2206093,98,0.286987,PASS,0,0
47632153212311,11,2656635,114,0.296844,PASS,0,0
47632153232321,11,2496017,109,0.296752,PASS,0,0
47632513212332,11,3723377,156,0.346262,PASS,0,0
47652132231323,11,2419809,104,0.308516,PASS,0,0
47653213211231,11,4095385,184,0.386062,PASS,0,0
47653213232111,11,2449672,111,0.300023,PASS,0,0
51264731113322,11,1981701,87,0.276670,PASS,0,0
51264732213311,11,2124157,92,0.282504,PASS,0,0
51267342312233,11,3400836,143,0.332129,PASS,0,0
51324671211122,11,2278005,101,0.282476,PASS,0,0
51324672212111,11,2447449,106,0.288700,PASS,0,0
51324673113311,11,3401035,155,0.349057,PASS,0,0
51324761111123,11,2330808,103,0.297042,PASS,0,0
51324763113332,11,1682900,76,0.271789,PASS,0,0
51342672212111,11,1986648,88,0.276565,PASS,0,0
51342763312223,11,16477883,702,0.891967,PASS,0,0
51367241211113,11,3061234,135,0.343532,PASS,0,0
51423671221331,11,2756576,119,0.315651,PASS,0,0
51426731111111,11,2591710,116,0.313895,PASS,0,0
51426733312211,11,2570051,108,0.294295,PASS,0,0
51472361131313,11,2288459,98,0.285346,PASS,0,0
51472633331312,11,4644504,195,0.391751,PASS,0,0
51623471321111,11,2879343,128,0.324180,PASS,0,0
51623743313321,11,2582150,110,0.306551,PASS,0,0
51624731312123,11,4032408,182,0.375021,PASS,0,0
51624733323113,11,2800068,123,0.310903,PASS,0,0
51632741323232,11,2746121,117,0.298904,PASS,0,0
51642371122313,11,2721593,117,0.299111,PASS,0,0
51642731113322,11,4432731,185,0.366261,PASS,0,0
51647231113232,11,2254393,95,0.275927,PASS,0,0
51723643131311,11,2637592,113,0.302703,PASS,0,0
51724362122222,11,2107427,92,0.275872,PASS,0,0
51724363121213,11,2094289,93,0.282739,PASS,0,0
51726433123313,11,2166711,93,0.284751,PASS,0,0
51732643121213,11,2319546,99,0.295533,PASS,0,0
51742632323231,11,3008528,135,0.330996,PASS,0,0
51742632323333,11,3423803,146,0.333372,PASS,0,0
52134761232113,11,2418067,102,0.286648,PASS,0,0
52147631121311,11,2706474,124,0.311065,PASS,0,0
52147631131211,11,2800595,126,0.322682,PASS,0,0
52147631211131,11,3452976,145,0.341690,PASS,0,0
52147631311121,11,3481303,150,0.344845,PASS,0,0
52147632111113,11,2959327,124,0.311525,PASS,0,0
52147633111112,11,3586780,151,0.342679,PASS,0,0
52163471112122,11,1849301,79,0.269503,PASS,0,0
52163471213111,11,4033117,177,0.371593,PASS,0,0
52163471312111,11,3956493,165,0.356801,PASS,0,0
52163471333123,11,2182498,93,0.291384,PASS,0,0
52163472111311,11,3147434,131,0.311378,PASS,0,0
52163472131222,11,2132975,97,0.291177,PASS,0,0
52163473111211,11,3310918,143,0.333182,PASS,0,0
52163473111331,11,2173022,93,0.276977,PASS,0,0
52163473221323,11,1915205,82,0.263747,PASS,0,0
52163473323332,11,3169047,138,0.334785,PASS,0,0
52167342121232,11,2192045,100,0.282366,PASS,0,0
52167432121313,11,3133746,131,0.320915,PASS,0,0
52167432122222,11,2940668,127,0.315923,PASS,0,0
52167432131213,11,2689673,118,0.315478,PASS,0,0
52167433133333,11,3995081,166,0.356284,PASS,0,0
52167433331333,11,4852560,213,0.411460,PASS,0,0
52174633223123,11,2117352,95,0.282807,PASS,0,0
52314673311311,11,4574978,206,0.396103,PASS,0,0
52314761322122,11,2048124,88,0.277734,PASS,0,0
52341671111111,11,7997174,358,0.539421,PASS,0,0
52341671122211,11,2907787,129,0.318915,PASS,0,0
52341671311313,11,2040696,90,0.277660,PASS,0,0
52341672211112,11,2183097,94,0.286911,PASS,0,0
52341672232313,11,1988352,86,0.278132,PASS,0,0
52341672323222,11,2884426,122,0.321054,PASS,0,0
52341672323312,11,2719676,116,0.308386,PASS,0,0
52341673133111,11,2011380,91,0.284839,PASS,0,0
52341673232213,11,1631611,70,0.268467,PASS,0,0
52341673232333,11,2617942,110,0.300531,PASS,0,0
52341673323212,11,2608488,110,0.297446,PASS,0,0
52361472121313,11,4096187,171,0.361040,PASS,0,0
52361472131312,11,2741689,116,0.311433,PASS,0,0
52367142211121,11,2429791,107,0.293518,PASS,0,0
52367412322232,11,2646796,116,0.309335,PASS,0,0
52374161112323,11,2791069,119,0.311467,PASS,0,0
52376413222223,11,1632122,70,0.259508,PASS,0,0
52463173212332,11,3235022,138,0.331498,PASS,0,0
52463713212332,11,3304296,149,0.339604,PASS,0,0
52471631223113,11,3046708,131,0.320268,PASS,0,0
52471631323112,11,3382606,143,0.332990,PASS,0,0
52614372313211,11,4383514,182,0.370711,PASS,0,0
52641733212311,11,2344881,100,0.294394,PASS,0,0
52641733232321,11,2298932,100,0.289265,PASS,0,0
52673413232123,11,1942077,83,0.276913,PASS,0,0
52713461232323,11,2160469,96,0.288561,PASS,0,0
52714361232113,11,3312568,147,0.330919,PASS,0,0
52714633213223,11,2346951,104,0.297244,PASS,0,0
52714633223123,11,2296285,98,0.285748,PASS,0,0
52731641233112,11,2141045,93,0.286196,PASS,0,0
52731641323112,11,1795776,80,0.272563,PASS,0,0
52736141322233,11,2872972,120,0.315762,PASS,0,0
52741362313211,11,2782396,123,0.314222,PASS,0,0
52741362313223,11,2771817,126,0.332199,PASS,0,0
52741632122333,11,2453950,107,0.311015,PASS,0,0
52741632123323,11,3521314,156,0.339090,PASS,0,0
52741632212213,11,2166190,94,0.286076,PASS,0,0
52741632212231,11,2030536,91,0.288842,PASS,0,0
52741632232211,11,1669866,73,0.255266,PASS,0,0
52741633221233,11,2480742,106,0.305768,PASS,0,0
52741633313312,11,1632332,70,0.263005,PASS,0,0
52741633313321,11,2037282,91,0.279227,PASS,0,0
52741633321223,11,2948750,126,0.314582,PASS,0,0
52741633323311,11,1719911,76,0.270396,PASS,0,0
52743611111213,11,3496426,146,0.344253,PASS,0,0
52743611111312,11,3689923,154,0.339260,PASS,0,0
52743611112131,11,1757010,75,0.260366,PASS,0,0
52743611113121,11,2292148,99,0.295202,PASS,0,0
52743612131111,11,2876830,129,0.319339,PASS,0,0
52743613121111,11,3962745,168,0.359341,PASS,0,0
52761431111213,11,2843090,121,0.303578,PASS,0,0
52761431111312,11,3467963,153,0.342468,PASS,0,0
52761431112131,11,1971043,84,0.278133,PASS,0,0
52761431113121,11,1941067,91,0.278460,PASS,0,0
52761432131111,11,2954154,127,0.314549,PASS,0,0
52761433121111,11,3539985,157,0.353503,PASS,0,0
52763143222331,11,3290972,151,0.344733,PASS,0,0
52763411222312,11,3991679,169,0.365205,PASS,0,0
52763411333123,11,2531746,119,0.316109,PASS,0,0
52763413222112,11,4091451,182,0.377457,PASS,0,0
52763413223312,11,3440431,148,0.338090,PASS,0,0
52763413322312,11,3366068,150,0.349132,PASS,0,0
53126471231231,11,3406899,147,0.339608,PASS,0,0
53126471231321,11,2204623,93,0.291799,PASS,0,0
53126471321321,11,2826785,127,0.315514,PASS,0,0
53146272123233,11,3466115,144,0.338680,PASS,0,0
53147262123131,11,2917664,130,0.326134,PASS,0,0
53162743312223,11,16309897,727,0.918040,PASS,0,0
53274163211222,11,2842118,119,0.314317,PASS,0,0
53421671321111,11,5142037,228,0.414782,PASS,0,0
53421671321231,11,2346756,99,0.286225,PASS,0,0
53426171112233,11,2531560,111,0.299404,PASS,0,0
53462711113322,11,3949095,178,0.367163,PASS,0,0
53467211321111,11,2646497,116,0.310107,PASS,0,0
53476121323112,11,2311701,99,0.287366,PASS,0,0
53476121323322,11,2854077,122,0.309557,PASS,0,0
53614721212121,11,3429543,152,0.339813,PASS,0,0
53621471331221,11,1482941,64,0.248322,PASS,0,0
53642171111111,11,3107051,135,0.329545,PASS,0,0
53672142221213,11,5509835,230,0.424665,PASS,0,0
53714622233111,11,2437164,107,0.295916,PASS,0,0
53721463223312,11,2136147,93,0.287180,PASS,0,0
53724612121112,11,3392880,149,0.338277,PASS,0,0
53726143333121,11,1783902,85,0.281683,PASS,0,0
53741621323112,11,2801776,117,0.313349,PASS,0,0
53741621332112,11,2469430,105,0.295353,PASS,0,0
53742612323333,11,2496266,109,0.299372,PASS,0,0
53761242121211,11,3055295,132,0.325018,PASS,0,0
53761242221213,11,4988296,207,0.400651,PASS,0,0
53761242321212,11,2595788,112,0.304983,PASS,0,0
53762143222331,11,1853201,80,0.261888,PASS,0,0
53762413322123,11,3135151,138,0.323822,PASS,0,0
54123673233323,11,2099664,95,0.295028,PASS,0,0
54126371331221,11,2133189,93,0.278986,PASS,0,0
54127632131213,11,4063513,172,0.358396,PASS,0,0
54127632222212,11,2283455,107,0.297644,PASS,0,0
54127633131212,11,5263770,221,0.417436,PASS,0,0
54127633133333,11,5445600,223,0.406033,PASS,0,0
54127633333313,11,3119554,140,0.332848,PASS,0,0
54163271133221,11,4666326,195,0.378725,PASS,0,0
54163272233111,11,3292628,140,0.336494,PASS,0,0
54167231121113,11,3397818,155,0.340864,PASS,0,0
54167231131112,11,4250373,181,0.365944,PASS,0,0
54167231221211,11,1850155,78,0.266932,PASS,0,0
54167231333213,11,2434367,105,0.296616,PASS,0,0
54167232112112,11,1692087,77,0.273748,PASS,0,0
54167232133313,11,3594224,162,0.359120,PASS,0,0
54167232333113,11,2534213,108,0.299438,PASS,0,0
54167233232333,11,3028318,132,0.318087,PASS,0,0
54167233331213,11,2461413,108,0.297801,PASS,0,0
54172633132313,11,3647291,159,0.352954,PASS,0,0
54217362233213,11,3970650,184,0.376871,PASS,0,0
54217632132212,11,5206786,262,0.450603,PASS,0,0
54231671123111,11,5245420,217,0.406779,PASS,0,0
54231673123121,11,2136249,92,0.282523,PASS,0,0
54261373123121,11,1760525,76,0.258956,PASS,0,0
54261732231233,11,2455433,103,0.285234,PASS,0,0
54276132233312,11,2095585,95,0.288371,PASS,0,0
54312671131331,11,1684240,76,0.271124,PASS,0,0
54312672212111,11,2683711,119,0.310300,PASS,0,0
54312673311311,11,4289509,190,0.379846,PASS,0,0
54317261113112,11,2874094,124,0.314719,PASS,0,0
54317621111222,11,2279260,97,0.294449,PASS,0,0
54321672212213,11,3187972,144,0.329542,PASS,0,0
54321672212231,11,2907591,129,0.327144,PASS,0,0
54321672232211,11,2594824,117,0.298943,PASS,0,0
54321673313312,11,3258841,137,0.324700,PASS,0,0
54321673313321,11,4176324,191,0.379854,PASS,0,0
54321673323311,11,4015443,167,0.354465,PASS,0,0
54321761211221,11,2372176,104,0.293928,PASS,0,0
54321763113113,11,2301510,100,0.284541,PASS,0,0
54326171111231,11,6005330,254,0.449755,PASS,0,0
54326171112233,11,1854658,84,0.290017,PASS,0,0
54326171321231,11,2154828,94,0.288416,PASS,0,0
54326711112212,11,2446237,103,0.290547,PASS,0,0
54327612223232,11,2405469,104,0.291986,PASS,0,0
54361272223232,11,2530487,106,0.299703,PASS,0,0
54362171113133,11,2114159,90,0.281951,PASS,0,0
54362711111231,11,2992617,135,0.324373,PASS,0,0
54362711323112,11,2565526,109,0.293185,PASS,0,0
54367121112212,11,3022478,126,0.312395,PASS,0,0
54367121113211,11,2768993,121,0.314385,PASS,0,0
54367121113331,11,3258438,144,0.333706,PASS,0,0
54367122211121,11,2834647,124,0.318690,PASS,0,0
54367122311111,11,3017861,133,0.320092,PASS,0,0
54367123311113,11,3183183,142,0.327688,PASS,0,0
54367211132222,11,3468934,150,0.345770,PASS,0,0
54367211213333,11,3591326,154,0.338675,PASS,0,0
54367211222132,11,1994695,89,0.278932,PASS,0,0
54367211333213,11,2038478,87,0.279594,PASS,0,0
54367212211322,11,4622527,193,0.376406,PASS,0,0
54367212231122,11,2925600,132,0.313374,PASS,0,0
54367212233213,11,1912405,83,0.275868,PASS,0,0
54367212332213,11,1874935,83,0.280798,PASS,0,0
54367212333113,11,2183830,92,0.287447,PASS,0,0
54367213112222,11,4144334,181,0.376821,PASS,0,0
54367213312133,11,3304727,148,0.343329,PASS,0,0
54371261113331,11,2131108,92,0.273743,PASS,0,0
54371621113112,11,6290860,257,0.448649,PASS,0,0
54371621113322,11,1821398,82,0.280061,PASS,0,0
54376121322233,11,2941459,127,0.315762,PASS,0,0
54376211111132,11,2901014,127,0.315076,PASS,0,0
54376211111222,11,2246784,95,0.285261,PASS,0,0
54376211113133,11,2639232,112,0.305803,PASS,0,0
54612371112311,11,6481457,291,0.476671,PASS,0,0
54612372222131,11,1722894,75,0.263332,PASS,0,0
54612732112223,11,2908139,129,0.313091,PASS,0,0
54612733322213,11,2709918,120,0.316869,PASS,0,0
54621371133311,11,2810124,123,0.305999,PASS,0,0
54621372211121,11,2797831,132,0.325255,PASS,0,0
54637211132111,11,2554208,112,0.304658,PASS,0,0
54671232221213,11,3868561,163,0.363582,PASS,0,0
54712361323313,11,2165226,96,0.286056,PASS,0,0
54712362223322,11,3131962,139,0.325495,PASS,0,0
54716232222113,11,2667610,117,0.306120,PASS,0,0
54716321112323,11,2913750,124,0.313278,PASS,0,0
54716322313223,11,2436994,107,0.298322,PASS,0,0
54721631111111,11,9318037,389,0.581112,PASS,0,0
54721631122121,11,2479146,105,0.289357,PASS,0,0
54721631311133,11,2378766,104,0.286614,PASS,0,0
54721632133232,11,1984986,89,0.286527,PASS,0,0
54721632212222,11,3014039,131,0.329518,PASS,0,0
54721632212231,11,1729822,75,0.264959,PASS,0,0
54721633231322,11,1634707,72,0.261587,PASS,0,0
54721633313321,11,2026709,89,0.270498,PASS,0,0
54721633333331,11,2008297,88,0.277420,PASS,0,0
54723612131312,11,4051817,183,0.365616,PASS,0,0
54723612221222,11,3304224,139,0.328879,PASS,0,0
54723612222212,11,5456553,232,0.425670,PASS,0,0
54723613121312,11,4762938,204,0.392998,PASS,0,0
54723613333313,11,4797283,203,0.393419,PASS,0,0
54761233322321,11,2218509,100,0.295191,PASS,0,0
54763212322232,11,2755577,124,0.315631,PASS,0,0
56123471222312,11,2052628,91,0.285810,PASS,0,0
56123471223221,11,3117445,139,0.326884,PASS,0,0
56123471331332,11,3347769,152,0.349551,PASS,0,0
56123471333123,11,2140470,90,0.283637,PASS,0,0
56123472322121,11,2989549,126,0.318483,PASS,0,0
56123472331331,11,3256954,139,0.336818,PASS,0,0
56123473133132,11,2840047,119,0.303026,PASS,0,0
56123473133231,11,2728705,123,0.304298,PASS,0,0
56123473222112,11,1940390,85,0.277456,PASS,0,0
56123473223312,11,1556325,66,0.246950,PASS,0,0
56123473322312,11,1638200,71,0.263825,PASS,0,0
56124371111231,11,2822556,122,0.309644,PASS,0,0
56124371232323,11,2308760,107,0.299467,PASS,0,0
56127433332323,11,3069399,140,0.331182,PASS,0,0
56132472333332,11,2679416,121,0.315761,PASS,0,0
56132473211111,11,2656491,111,0.308250,PASS,0,0
56132473213211,11,2468264,106,0.297034,PASS,0,0
56143273332323,11,3615544,162,0.347410,PASS,0,0
56147231222132,11,4405141,186,0.368013,PASS,0,0
56147231333213,11,2926580,137,0.324352,PASS,0,0
56147232233213,11,3069281,129,0.320171,PASS,0,0
56147232332213,11,2573550,108,0.298240,PASS,0,0
56147232333113,11,3070136,132,0.321432,PASS,0,0
56147322333233,11,3790915,171,0.362453,PASS,0,0
56173421113112,11,2954624,130,0.317700,PASS,0,0
56174232323333,11,2470259,114,0.308357,PASS,0,0
56174321232113,11,3867460,172,0.366809,PASS,0,0
56213471111111,11,5717903,236,0.432795,PASS,0,0
56213743313333,11,4841275,218,0.417404,PASS,0,0
56243173133111,11,1948418,89,0.279837,PASS,0,0
56243713121333,11,2703655,114,0.304013,PASS,0,0
56247132333233,11,3013852,131,0.318344,PASS,0,0
56271433111313,11,3771812,168,0.364423,PASS,0,0
56271433123313,11,2687785,119,0.304804,PASS,0,0
56271433132313,11,4022178,168,0.355695,PASS,0,0
56274132331133,11,1402556,63,0.256484,PASS,0,0
56274312313211,11,4149211,179,0.373409,PASS,0,0
56321473233323,11,1676740,77,0.266095,PASS,0,0
56321742211112,11,4134970,171,0.358507,PASS,0,0
56324171221331,11,2608697,111,0.298360,PASS,0,0
56327411211332,11,2694580,123,0.308158,PASS,0,0
56327413213112,11,2312286,104,0.302700,PASS,0,0
56341273121213,11,3820357,169,0.356313,PASS,0,0
56341273131212,11,4163201,187,0.368642,PASS,0,0
56347122333233,11,3466713,145,0.335197,PASS,0,0
56347211213111,11,2136636,92,0.288159,PASS,0,0
56347211222132,11,2739570,121,0.316945,PASS,0,0
56347211312111,11,2035997,93,0.286713,PASS,0,0
56347211331131,11,1704710,73,0.256846,PASS,0,0
56347212111221,11,3409732,153,0.349958,PASS,0,0
56347212111311,11,4545584,190,0.385198,PASS,0,0
56347212123233,11,2472499,104,0.296814,PASS,0,0
56347212232223,11,2012535,87,0.281751,PASS,0,0
56347213111211,11,4090949,181,0.378674,PASS,0,0
56347213131332,11,3414050,144,0.340638,PASS,0,0
56423171231231,11,2070749,90,0.275320,PASS,0,0
56423171231321,11,3115286,139,0.335270,PASS,0,0
56423171321321,11,1876944,83,0.271926,PASS,0,0
56423172112121,11,2106839,94,0.276522,PASS,0,0
56423173132121,11,2425411,106,0.295636,PASS,0,0
56423173133111,11,2423800,106,0.304891,PASS,0,0
56432713122122,11,3194429,133,0.331644,PASS,0,0
56712341232113,11,1890239,84,0.278116,PASS,0,0
56712343211123,11,2085833,91,0.288311,PASS,0,0
56721343123331,11,2290725,101,0.293772,PASS,0,0
56721432312233,11,3229193,141,0.335526,PASS,0,0
56723411113313,11,2126547,91,0.279258,PASS,0,0
56723411121113,11,2812952,120,0.306432,PASS,0,0
56723411131112,11,2748626,119,0.309542,PASS,0,0
56723411222312,11,1961297,84,0.283687,PASS,0,0
56723412122312,11,2411885,108,0.298413,PASS,0,0
56723412323222,11,2640989,122,0.312945,PASS,0,0
56723413221212,11,2532276,107,0.302418,PASS,0,0
56723413222112,11,1993966,85,0.270747,PASS,0,0
56723413331111,11,2087973,90,0.294769,PASS,0,0
56732143122113,11,3364426,143,0.335706,PASS,0,0
56741231121311,11,2475270,115,0.311665,PASS,0,0
56741231131211,11,3127782,141,0.332424,PASS,0,0
56741231211131,11,4106601,186,0.383414,PASS,0,0
56741231311121,11,3509202,151,0.346944,PASS,0,0
56741232111113,11,2845406,120,0.314941,PASS,0,0
56741233111112,11,2851656,128,0.315125,PASS,0,0
56743212122222,11,2315510,108,0.301087,PASS,0,0
56743212221222,11,5222484,217,0.415343,PASS,0,0
56743213121213,11,6166874,279,0.476600,PASS,0,0
56743213121312,11,3651285,151,0.339600,PASS,0,0
56743213331333,11,4544802,196,0.391961,PASS,0,0
57123461111111,11,5622854,232,0.422971,PASS,0,0
57164322131312,11,2031525,89,0.280079,PASS,0,0
57214361323232,11,2838733,127,0.315504,PASS,0,0
57214632212213,11,4553778,194,0.382826,PASS,0,0
57236141113232,11,2575247,112,0.310948,PASS,0,0
57236141322233,11,2171053,100,0.287240,PASS,0,0
57236141323232,11,5246126,236,0.423234,PASS,0,0
57241631322113,11,2101049,89,0.276354,PASS,0,0
57241631323112,11,1807612,78,0.270325,PASS,0,0
57246131112233,11,3058654,128,0.314661,PASS,0,0
57264132111323,11,2322395,102,0.291664,PASS,0,0
57321641311112,11,3145784,131,0.310360,PASS,0,0
57321642311132,11,2736398,115,0.302734,PASS,0,0
57364212213311,11,4203512,179,0.370988,PASS,0,0
57364212313211,11,3014931,132,0.322222,PASS,0,0
57364213332122,11,2271148,100,0.300227,PASS,0,0
57642311113322,11,2350802,105,0.291981,PASS,0,0
61234572231323,11,2374620,101,0.293793,PASS,0,0
61234573232213,11,1810970,80,0.271446,PASS,0,0
61235741313131,11,2946086,137,0.326831,PASS,0,0
61257343232123,11,3133169,139,0.324321,PASS,0,0
61274351313131,11,2381311,101,0.301730,PASS,0,0
61274532231323,11,2284315,99,0.293283,PASS,0,0
61352472233321,11,2214933,98,0.298825,PASS,0,0
61352472313211,11,17063614,743,0.939497,PASS,0,0
61452731311313,11,2829090,120,0.327651,PASS,0,0
61453721111111,11,2697721,115,0.313732,PASS,0,0
61453721311112,11,3286737,137,0.334987,PASS,0,0
61453723111121,11,2221567,97,0.289145,PASS,0,0
61472532123332,11,2574786,115,0.307348,PASS,0,0
61472533112111,11,2280887,100,0.291504,PASS,0,0
61527431111111,11,3044638,128,0.311191,PASS,0,0
61534272311132,11,2893108,129,0.317639,PASS,0,0
61534721112311,11,2004193,88,0.277284,PASS,0,0
61534721113211,11,1831128,81,0.281458,PASS,0,0
61543271111111,11,3344019,153,0.349477,PASS,0,0
61543271112311,11,2784271,119,0.309912,PASS,0,0
61572432312323,11,3734773,155,0.345087,PASS,0,0
61734523222331,11,3906037,164,0.353200,PASS,0,0
62134572321323,11,1982351,86,0.275358,PASS,0,0
62135471122121,11,2278093,102,0.297856,PASS,0,0
62135472132131,11,2876953,122,0.320207,PASS,0,0
62135473122131,11,2032708,89,0.275663,PASS,0,0
62135473123121,11,3167704,134,0.326049,PASS,0,0
62135473131131,11,3156691,141,0.326710,PASS,0,0
62135473132121,11,2241228,94,0.281589,PASS,0,0
62135473232231,11,2105993,90,0.285496,PASS,0,0
62135473322321,11,2811574,130,0.324504,PASS,0,0
62135743222331,11,1876392,81,0.264277,PASS,0,0
62135743312223,11,7688008,347,0.537177,PASS,0,0
62147353123121,11,2139868,92,0.281981,PASS,0,0
62147353132121,11,1866320,81,0.268733,PASS,0,0
62154733321121,11,2381778,104,0.298214,PASS,0,0
62157342132212,11,2544001,116,0.303630,PASS,0,0
62173543232132,11,1905274,82,0.277091,PASS,0,0
62174351122133,11,3000488,128,0.321250,PASS,0,0
62174533311212,11,2294664,101,0.290325,PASS,0,0
62317453112111,11,2981554,132,0.327273,PASS,0,0
62317453312211,11,2993235,132,0.322174,PASS,0,0
62351743112123,11,5956269,249,0.442623,PASS,0,0
62371453311311,11,2185313,97,0.279024,PASS,0,0
62374511322311,11,1804713,78,0.266833,PASS,0,0
62374513112321,11,3611409,152,0.335121,PASS,0,0
62374513312112,11,2259367,95,0.275233,PASS,0,0
62435172211133,11,3259631,150,0.345356,PASS,0,0
62435172311132,11,3637893,153,0.343351,PASS,0,0
62435711222222,11,2402168,103,0.293290,PASS,0,0
62453713311122,11,4330332,190,0.376989,PASS,0,0
62471532232133,11,2627291,120,0.318089,PASS,0,0
62475131322323,11,1981227,88,0.285068,PASS,0,0
62531472321233,11,2308307,105,0.312109,PASS,0,0
62543711211113,11,2465296,107,0.298729,PASS,0,0
62543711311112,11,2334370,98,0.286730,PASS,0,0
62571432321233,11,3081808,136,0.330928,PASS,0,0
62735143223213,11,3552970,159,0.353812,PASS,0,0
63125741112323,11,4246212,178,0.368932,PASS,0,0
63125743131233,11,2386084,102,0.282376,PASS,0,0
63125743133312,11,2450599,110,0.304850,PASS,0,0
63142571111111,11,3008703,129,0.317459,PASS,0,0
63142571132321,11,6990248,318,0.516681,PASS,0,0
63142573112123,11,5797929,250,0.446398,PASS,0,0
63172452312323,11,2468002,106,0.299869,PASS,0,0
63172452313211,11,16989892,701,0.896976,PASS,0,0
63174522332132,11,1763341,78,0.267275,PASS,0,0
63247511123132,11,2903582,123,0.319989,PASS,0,0
63251743133231,11,3111301,138,0.344414,PASS,0,0
63452711311313,11,3381667,154,0.351481,PASS,0,0
63452712333221,11,2437504,106,0.297209,PASS,0,0
63471522123131,11,3189051,134,0.324268,PASS,0,0
63471522323132,11,4185254,173,0.357397,PASS,0,0
63471522332132,11,2383667,104,0.300170,PASS,0,0
63472512123332,11,3007982,126,0.316586,PASS,0,0
63512743313333,11,4281968,188,0.379773,PASS,0,0
63541271212211,11,3621439,150,0.340006,PASS,0,0
63542713121333,11,4965015,226,0.421005,PASS,0,0
63574212123131,11,2377296,102,0.292417,PASS,0,0
63574212313211,11,3971244,166,0.351045,PASS,0,0
63712542221111,11,2402991,106,0.291660,PASS,0,0
63714252123131,11,2850452,119,0.302332,PASS,0,0
63714521112323,11,2598920,116,0.310884,PASS,0,0
63714522332132,11,1835000,80,0.269590,PASS,0,0
63721541233322,11,2042147,90,0.280831,PASS,0,0
63724153121213,11,2311442,97,0.286384,PASS,0,0
63725141112323,11,3527123,156,0.354607,PASS,0,0
63725141233121,11,2057039,90,0.279187,PASS,0,0
63725142123131,11,3859768,160,0.344897,PASS,0,0
63725142223133,11,4057081,182,0.378513,PASS,0,0
63725143122113,11,3621161,165,0.352774,PASS,0,0
63725143123313,11,5000113,226,0.412273,PASS,0,0
63741252222323,11,2355634,104,0.292746,PASS,0,0
63741522123131,11,3324537,156,0.338376,PASS,0,0
63742511232221,11,1918177,83,0.280573,PASS,0,0
63745123122212,11,2345825,105,0.294427,PASS,0,0
63751242221321,11,1792530,82,0.265890,PASS,0,0
63751423122311,11,2832666,132,0.329870,PASS,0,0
63752141111111,11,2804838,124,0.318575,PASS,0,0
63752141122211,11,2669839,118,0.312052,PASS,0,0
63752141123213,11,2003336,88,0.274121,PASS,0,0
63752142332132,11,1736927,76,0.270647,PASS,0,0
63752143123223,11,2710773,116,0.311075,PASS,0,0
63752143212323,11,2607717,120,0.316310,PASS,0,0
63752143223123,11,2624075,111,0.318693,PASS,0,0
63752411223212,11,2455955,106,0.295870,PASS,0,0
63752411333213,11,2687149,119,0.318045,PASS,0,0
63752412312323,11,4365898,194,0.388900,PASS,0,0
63752412322112,11,2570341,108,0.293008,PASS,0,0
63752412333113,11,2699606,120,0.308424,PASS,0,0
63754213122122,11,1947857,88,0.278361,PASS,0,0
64125371131313,11,3542263,153,0.341570,PASS,0,0
64157321133212,11,5299456,223,0.415270,PASS,0,0
64231572311132,11,2922113,127,0.315790,PASS,0,0
64257131113223,11,3191301,137,0.336321,PASS,0,0
64271533221212,11,2786638,125,0.320388,PASS,0,0
64275131212223,11,2055248,88,0.279654,PASS,0,0
64275131312123,11,2675197,119,0.311835,PASS,0,0
64275132211133,11,3906706,177,0.369648,PASS,0,0
64275132232133,11,4694375,193,0.385942,PASS,0,0
64275133231112,11,2461206,109,0.292053,PASS,0,0
64275133312211,11,3252386,146,0.348771,PASS,0,0
64275311112332,11,3269997,139,0.338381,PASS,0,0
64275311222222,11,1772363,77,0.280714,PASS,0,0
64275313312211,11,3183086,143,0.338647,PASS,0,0
64321572111131,11,6364018,263,0.456344,PASS,0,0
64321572132131,11,2646991,125,0.313456,PASS,0,0
64321572311132,11,2788321,125,0.322025,PASS,0,0
64325713121222,11,5329383,237,0.425851,PASS,0,0
64351272132131,11,1869465,87,0.283063,PASS,0,0
64357212313211,11,2534900,106,0.300167,PASS,0,0
64357213231322,11,3599236,150,0.340113,PASS,0,0
64357213312211,11,2634161,111,0.294045,PASS,0,0
64531271212211,11,2858984,122,0.311946,PASS,0,0
64531272132131,11,2345564,101,0.300381,PASS,0,0
64531273122131,11,2351271,106,0.298934,PASS,0,0
64531273123121,11,2557268,109,0.298377,PASS,0,0
64531273311311,11,2606513,114,0.302570,PASS,0,0
64531273312211,11,2268271,101,0.297798,PASS,0,0
64572131122223,11,3065133,139,0.330176,PASS,0,0
64713253112111,11,2606903,116,0.311077,PASS,0,0
65123471112311,11,2512023,109,0.299277,PASS,0,0
65123471233232,11,2328560,101,0.287970,PASS,0,0
65123472312311,11,2429374,110,0.308595,PASS,0,0
65132471212112,11,1748071,75,0.265748,PASS,0,0
65132471222111,11,1687884,74,0.262689,PASS,0,0
65132471231321,11,3386184,152,0.347349,PASS,0,0
65132471323121,11,2582497,111,0.311755,PASS,0,0
65132472131231,11,2602689,116,0.314836,PASS,0,0
65132472212231,11,3268044,147,0.354664,PASS,0,0
65132472233321,11,4737409,217,0.408163,PASS,0,0
65132473111331,11,2506963,107,0.299841,PASS,0,0
65132473313312,11,1620906,70,0.268922,PASS,0,0
65132473323311,11,1628215,73,0.262369,PASS,0,0
65132741223323,11,1711296,73,0.265169,PASS,0,0
65132743222331,11,2686724,123,0.315678,PASS,0,0
65134721233232,11,2393505,102,0.293545,PASS,0,0
65147321232113,11,3638166,166,0.354781,PASS,0,0
65172431132333,11,3144542,139,0.334992,PASS,0,0
65174232123131,11,2175068,96,0.295235,PASS,0,0
65174232133313,11,3107595,143,0.334115,PASS,0,0
65174232323312,11,2369806,107,0.304098,PASS,0,0
65174233323212,11,2261723,97,0.293873,PASS,0,0
65174233331213,11,5768004,245,0.433524,PASS,0,0
65174322313211,11,2987210,127,0.316408,PASS,0,0
65174323223123,11,2917494,123,0.317991,PASS,0,0
65213741111111,11,3529750,153,0.349905,PASS,0,0
65241371111111,11,3066676,139,0.335638,PASS,0,0
65243712121322,11,2421258,105,0.297065,PASS,0,0
65271341332331,11,2476590,112,0.297374,PASS,0,0
65271432231233,11,1661392,73,0.266660,PASS,0,0
65274131111111,11,3267709,144,0.344790,PASS,0,0
65274131311313,11,2281703,98,0.287774,PASS,0,0
65274131312213,11,3084392,139,0.326669,PASS,0,0
65274132123332,11,2706834,117,0.304790,PASS,0,0
65274133132223,11,2080411,93,0.277755,PASS,0,0
65274133232321,11,2651191,118,0.314187,PASS,0,0
65274133312223,11,2956529,126,0.319391,PASS,0,0
65314272311132,11,2193332,94,0.278010,PASS,0,0
65314272313211,11,5128771,216,0.405243,PASS,0,0
65321472111122,11,2416007,105,0.292103,PASS,0,0
65417321232113,11,2627419,113,0.303192,PASS,0,0
65417323223123,11,2741712,114,0.303877,PASS,0,0
65417323232123,11,2797454,118,0.308148,PASS,0,0
65423713321322,11,2594233,115,0.303970,PASS,0,0
65432173232321,11,3801206,165,0.352605,PASS,0,0
65471231132213,11,2462882,106,0.291438,PASS,0,0
65714323223123,11,2611028,117,0.304849,PASS,0,0
65723143321313,11,3629827,167,0.358981,PASS,0,0
65732411333123,11,3772064,161,0.351423,PASS,0,0
65742311212313,11,2757800,125,0.313487,PASS,0,0
67132541133311,11,3768652,172,0.361819,PASS,0,0
67145323133312,11,2385249,103,0.293702,PASS,0,0
67154233323332,11,2810390,120,0.314657,PASS,0,0
67215343333133,11,4648047,204,0.392861,PASS,0,0
67231541323112,11,4136596,186,0.374651,PASS,0,0
67231543323122,11,3758627,171,0.362099,PASS,0,0
67234513332122,11,1751172,80,0.278914,PASS,0,0
67245131313323,11,2317505,99,0.285465,PASS,0,0
67245311112311,11,3538664,149,0.349134,PASS,0,0
67245311133233,11,1624222,71,0.265695,PASS,0,0
67254311131133,11,3895810,166,0.361349,PASS,0,0
67254313311113,11,2343971,104,0.299231,PASS,0,0
67312452233321,11,3576530,152,0.344355,PASS,0,0
67312541121221,11,1772252,76,0.261472,PASS,0,0
67312542221111,11,2827756,130,0.324592,PASS,0,0
67321451111123,11,2711819,122,0.306056,PASS,0,0
67321451112311,11,2941920,126,0.312863,PASS,0,0
67321451212211,11,3350283,143,0.340967,PASS,0,0
67321451311133,11,2788358,124,0.312067,PASS,0,0
67321452111122,11,2955804,128,0.324706,PASS,0,0
67321453113311,11,2373071,104,0.301204,PASS,0,0
67321542232133,11,3416774,147,0.342059,PASS,0,0
67341252222323,11,1974152,85,0.275326,PASS,0,0
67342512222113,11,1663788,74,0.262019,PASS,0,0
67345122223133,11,3674357,161,0.349403,PASS,0,0
67345122232133,11,5045228,215,0.409147,PASS,0,0
67345211111123,11,2638880,115,0.304938,PASS,0,0
67345211111132,11,2989124,132,0.316310,PASS,0,0
67345211112233,11,2985335,134,0.331467,PASS,0,0
67345211113322,11,3062828,129,0.318573,PASS,0,0
67345211211122,11,2878463,126,0.313960,PASS,0,0
67345211311133,11,2971630,129,0.326148,PASS,0,0
67345212111122,11,2448982,107,0.286651,PASS,0,0
67345213111133,11,2949242,130,0.321300,PASS,0,0
67354121111111,11,3401192,153,0.344718,PASS,0,0
67354211212121,11,2235498,100,0.298512,PASS,0,0
67354211313113,11,3727620,165,0.351946,PASS,0,0
67354211333111,11,3854708,160,0.352373,PASS,0,0
67354212111221,11,2248165,99,0.285486,PASS,0,0
67354212212222,11,5776157,258,0.451219,PASS,0,0
67354212311132,11,3009484,137,0.325550,PASS,0,0
67354213111313,11,2170217,97,0.284192,PASS,0,0
67354213131311,11,2573745,108,0.294202,PASS,0,0
67354213211132,11,3982256,181,0.368926,PASS,0,0
67354213313333,11,4067884,171,0.355084,PASS,0,0
67412353132121,11,3163556,143,0.332609,PASS,0,0
67412353332221,11,2201643,99,0.279595,PASS,0,0
67412531131133,11,2559404,109,0.292557,PASS,0,0
67435121332112,11,1414052,63,0.255550,PASS,0,0
67435123123121,11,1461836,64,0.256502,PASS,0,0
67452313321232,11,2669502,115,0.298712,PASS,0,0
71234563231322,11,2702370,117,0.306728,PASS,0,0
71263541333222,11,5335289,239,0.425606,PASS,0,0
71263542323123,11,5407444,228,0.415596,PASS,0,0
71264533131323,11,2455107,105,0.294218,PASS,0,0
71264533221323,11,2467459,105,0.288986,PASS,0,0
71264533231223,11,2537751,115,0.314812,PASS,0,0
71264533231313,11,2587723,111,0.299638,PASS,0,0
71326451211311,11,2723259,122,0.313818,PASS,0,0
71326453132121,11,2126710,91,0.278018,PASS,0,0
71326543333313,11,4344558,189,0.370825,PASS,0,0
71345262132131,11,2000955,94,0.283661,PASS,0,0
71362453113311,11,2075284,90,0.276255,PASS,0,0
71365423331312,11,3580812,161,0.340913,PASS,0,0
71423563213232,11,1510312,67,0.257517,PASS,0,0
71423653213232,11,2428306,105,0.286854,PASS,0,0
71426353312211,11,2737329,121,0.307103,PASS,0,0
71426533333223,11,2945462,132,0.325958,PASS,0,0
71432561232323,11,2600477,114,0.304877,PASS,0,0
71432561323232,11,2578032,109,0.294706,PASS,0,0
71432562111221,11,2639755,115,0.302745,PASS,0,0
71432563232213,11,2543342,114,0.309355,PASS,0,0
71432563323113,11,1829918,81,0.270335,PASS,0,0
71432563323122,11,2288125,101,0.289817,PASS,0,0
71432563332113,11,3018518,129,0.309395,PASS,0,0
71435261322233,11,3043073,133,0.326439,PASS,0,0
71435262222122,11,1955824,84,0.274041,PASS,0,0
71435263211123,11,3080917,131,0.324156,PASS,0,0
71435263311122,11,2964483,132,0.319389,PASS,0,0
71435263333133,11,2274080,96,0.291102,PASS,0,0
71435263333223,11,2992274,133,0.320221,PASS,0,0
71435623333331,11,3589327,162,0.351349,PASS,0,0
71436253333112,11,5257347,237,0.433491,PASS,0,0
71452363213232,11,2386112,105,0.300718,PASS,0,0
71452632222131,11,2818840,125,0.320897,PASS,0,0
71453262222221,11,2721335,121,0.306171,PASS,0,0
71453623311122,11,4617800,212,0.411606,PASS,0,0
71456321322323,11,2526439,113,0.302382,PASS,0,0
71456322111221,11,2134226,95,0.282496,PASS,0,0
71462531113322,11,4270452,178,0.361300,PASS,0,0
71462532111212,11,1947593,84,0.263295,PASS,0,0
71462532121112,11,1769334,76,0.261204,PASS,0,0
71462533111223,11,3907725,166,0.356353,PASS,0,0
71462533221113,11,2547995,114,0.306679,PASS,0,0
71463523331222,11,1877783,82,0.279937,PASS,0,0
71523463131311,11,3770827,177,0.366687,PASS,0,0
71523463231313,11,4020798,186,0.381707,PASS,0,0
71523463331312,11,2686776,113,0.310589,PASS,0,0
71532463221332,11,1742129,78,0.266214,PASS,0,0
71534262122222,11,2222851,94,0.277435,PASS,0,0
71542633132322,11,2756333,123,0.317817,PASS,0,0
71543622111131,11,2330697,102,0.294834,PASS,0,0
71543623111121,11,2323464,103,0.299337,PASS,0,0
71546233331213,11,2677490,120,0.317143,PASS,0,0
71546322231212,11,2299634,102,0.285753,PASS,0,0
71562433123232,11,2550231,111,0.293535,PASS,0,0
71563243221221,11,1899888,82,0.266754,PASS,0,0
71625433213133,11,3922552,175,0.364591,PASS,0,0
71643252231212,11,2193314,95,0.280939,PASS,0,0
71643523331213,11,4831776,218,0.403614,PASS,0,0
72134562312212,11,2460798,111,0.304486,PASS,0,0
72136541322233,11,2542507,112,0.307665,PASS,0,0
72143563222331,11,1907608,81,0.267319,PASS,0,0
72143651121113,11,2642629,118,0.312871,PASS,0,0
72143651131112,11,2979461,125,0.316942,PASS,0,0
72143651213111,11,2707232,119,0.315616,PASS,0,0
72143651312111,11,2670605,115,0.315218,PASS,0,0
72143652111311,11,2631462,116,0.314108,PASS,0,0
72143653111211,11,2762426,117,0.303639,PASS,0,0
72145631233223,11,2997133,131,0.321338,PASS,0,0
72145633232231,11,2101682,91,0.271529,PASS,0,0
72145633312223,11,7859632,332,0.519715,PASS,0,0
72146352232223,11,2251427,102,0.296116,PASS,0,0
72163452122222,11,3002952,137,0.324197,PASS,0,0
72163453121213,11,2746550,127,0.318798,PASS,0,0
72163453131212,11,3993766,188,0.369266,PASS,0,0
72163453133333,11,2956518,135,0.332543,PASS,0,0
72163453331333,11,2947163,130,0.319228,PASS,0,0
72164353131113,11,2415200,102,0.288748,PASS,0,0
72165431113331,11,1622465,75,0.268325,PASS,0,0
72165432111113,11,2929722,125,0.304608,PASS,0,0
72165432111122,11,2189665,96,0.285556,PASS,0,0
72165432211112,11,2117409,91,0.288008,PASS,0,0
72165432323312,11,1895728,82,0.264936,PASS,0,0
72165433111112,11,2957230,126,0.307063,PASS,0,0
72165433121333,11,3074921,128,0.317143,PASS,0,0
72165433221233,11,1806302,78,0.268491,PASS,0,0
72165433233323,11,3786390,169,0.368680,PASS,0,0
72165433321223,11,1906157,91,0.276562,PASS,0,0
72165433331213,11,2950335,137,0.331734,PASS,0,0
72345611111111,11,4200926,178,0.365438,PASS,0,0
72345611133113,11,1864584,79,0.267503,PASS,0,0
72345611221223,11,1713969,78,0.265887,PASS,0,0
72345611222222,11,2316181,102,0.298341,PASS,0,0
72345611331332,11,2016159,89,0.285918,PASS,0,0
72345612122111,11,2346654,107,0.295230,PASS,0,0
72345612331331,11,1723997,79,0.269041,PASS,0,0
72345613221221,11,1846461,87,0.279391,PASS,0,0
72345613333331,11,2799709,119,0.307426,PASS,0,0
72356141112323,11,3079118,130,0.319295,PASS,0,0
72356141232113,11,3764754,174,0.365766,PASS,0,0
72356143211123,11,3701104,160,0.354127,PASS,0,0
72361453232333,11,2504869,110,0.299514,PASS,0,0
72361542333233,11,4139534,190,0.387444,PASS,0,0
72365412222212,11,2185226,100,0.293053,PASS,0,0
72365413121312,11,4426675,199,0.387471,PASS,0,0
72365413131212,11,3494078,156,0.352897,PASS,0,0
72365413331333,11,4251663,176,0.358186,PASS,0,0
72435163333313,11,5369858,248,0.438018,PASS,0,0
72513641232323,11,2080343,88,0.280131,PASS,0,0
72513641233322,11,2681368,123,0.312885,PASS,0,0
72516342313223,11,3124051,145,0.326409,PASS,0,0
72531463321232,11,2589073,111,0.291752,PASS,0,0
72534163211123,11,2839751,121,0.310983,PASS,0,0
72541631111213,11,3508792,160,0.348834,PASS,0,0
72541631111312,11,3204020,136,0.328485,PASS,0,0
72541631112131,11,1711355,73,0.254360,PASS,0,0
72541631113121,11,2374221,105,0.300973,PASS,0,0
72541632131111,11,2867171,135,0.329811,PASS,0,0
72541633121111,11,4301955,194,0.390367,PASS,0,0
72543162311111,11,2280094,98,0.284651,PASS,0,0
72543163211111,11,2020226,92,0.284679,PASS,0,0
72543611221223,11,1709920,73,0.259014,PASS,0,0
72543611223221,11,2023472,88,0.276605,PASS,0,0
72543611331332,11,2000740,87,0.282849,PASS,0,0
72543611332331,11,2281132,96,0.291739,PASS,0,0
72543612331331,11,1679841,75,0.266403,PASS,0,0
72543613132232,11,2725769,123,0.307875,PASS,0,0
72543613133222,11,3269172,146,0.340967,PASS,0,0
72543613221221,11,1906674,82,0.263127,PASS,0,0
72543613223312,11,3223173,136,0.330745,PASS,0,0
72543613322312,11,2948925,133,0.329219,PASS,0,0
72546311323112,11,2301240,100,0.298525,PASS,0,0
72546313323212,11,2661344,113,0.300260,PASS,0,0
72561342313223,11,3424666,150,0.347082,PASS,0,0
72561432213122,11,2819361,118,0.305235,PASS,0,0
72561433221233,11,2938476,134,0.327356,PASS,0,0
72561433311233,11,3518539,153,0.347091,PASS,0,0
72561433321133,11,3206108,134,0.324921,PASS,0,0
72561433321223,11,2285553,102,0.296131,PASS,0,0
72563411111213,11,2869851,124,0.317412,PASS,0,0
72563411111312,11,3505628,157,0.347036,PASS,0,0
72563411112131,11,2695884,121,0.311250,PASS,0,0
72563411113121,11,1907384,83,0.282929,PASS,0,0
72563412131111,11,2770835,116,0.305723,PASS,0,0
72563413121111,11,3365116,143,0.336947,PASS,0,0
72643513212311,11,3777247,167,0.357233,PASS,0,0
72643513212332,11,2646969,111,0.301303,PASS,0,0
73125463133132,11,2185614,103,0.289857,PASS,0,0
73146522113231,11,2012009,89,0.281824,PASS,0,0
73246153312211,11,2779861,118,0.299838,PASS,0,0
73456123231322,11,1799464,81,0.270065,PASS,0,0
73516243323113,11,2958010,126,0.315386,PASS,0,0
73516243332131,11,2127438,90,0.277823,PASS,0,0
73541262321212,11,3442509,145,0.335067,PASS,0,0
73542163321133,11,2910572,124,0.311324,PASS,0,0
73542613132121,11,3602541,162,0.355962,PASS,0,0
73542613132322,11,2468521,110,0.307026,PASS,0,0
73564213321322,11,2733149,120,0.312659,PASS,0,0
73614251112323,11,2698402,116,0.301683,PASS,0,0
73615241112323,11,3216781,140,0.332942,PASS,0,0
73615241113322,11,3181440,143,0.349924,PASS,0,0
73615242223133,11,3575176,160,0.352571,PASS,0,0
73615243123313,11,3200341,146,0.332580,PASS,0,0
73615243213313,11,3092779,138,0.328438,PASS,0,0
73615243331312,11,2109037,92,0.283063,PASS,0,0
73615243332311,11,2116373,89,0.277522,PASS,0,0
73615421113322,11,2835556,123,0.313676,PASS,0,0
73615423213211,11,3442969,152,0.347720,PASS,0,0
73615423333331,11,2669056,126,0.316216,PASS,0,0
73624513121132,11,4985487,225,0.422228,PASS,0,0
73624513332131,11,3184761,134,0.320843,PASS,0,0
73625141112323,11,3050251,130,0.312114,PASS,0,0
73625143121213,11,2939409,133,0.319441,PASS,0,0
73625143333313,11,3008849,134,0.322033,PASS,0,0
73625412222323,11,1972186,87,0.280660,PASS,0,0
73642511111111,11,3572408,162,0.350394,PASS,0,0
73642511113232,11,3397261,144,0.331517,PASS,0,0
73642511113322,11,4696292,213,0.402353,PASS,0,0
73642513223222,11,3007569,133,0.322630,PASS,0,0
73645121113211,11,3027349,129,0.321679,PASS,0,0
73645122222311,11,1627832,71,0.255582,PASS,0,0
73645211223113,11,2028713,96,0.293224,PASS,0,0
73645211231111,11,2955877,138,0.327936,PASS,0,0
73645211321111,11,2567167,110,0.299149,PASS,0,0
73645211332112,11,1834175,79,0.260951,PASS,0,0
73645213112231,11,2741140,120,0.315463,PASS,0,0
73645213333112,11,3286779,143,0.329758,PASS,0,0
73651241113322,11,3632416,162,0.351775,PASS,0,0
73652413211312,11,2667462,120,0.313322,PASS,0,0
73652413331321,11,2299498,108,0.296021,PASS,0,0
73654122111122,11,3439308,144,0.332748,PASS,0,0
73654122221111,11,1836190,78,0.268303,PASS,0,0
73654211111132,11,2271545,97,0.286730,PASS,0,0
74123563323221,11,1553772,68,0.260577,PASS,0,0
74123652322121,11,2723889,122,0.322503,PASS,0,0
74123653132232,11,3792285,159,0.344145,PASS,0,0
74123653133132,11,2436536,109,0.295395,PASS,0,0
74123653133222,11,2634476,112,0.301718,PASS,0,0
74123653133231,11,2264326,101,0.286413,PASS,0,0
74125631313311,11,1821028,82,0.275604,PASS,0,0
74125632121121,11,2236785,97,0.291295,PASS,0,0
74125632122111,11,2024006,91,0.274113,PASS,0,0
74125632131111,11,2992250,131,0.315480,PASS,0,0
74125632321332,11,2392173,111,0.307084,PASS,0,0
74125633121111,11,3556112,158,0.340846,PASS,0,0
74125633131233,11,2717695,122,0.306218,PASS,0,0
74125633132232,11,2007847,90,0.278886,PASS,0,0
74125633133222,11,2312587,103,0.297246,PASS,0,0
74125633133312,11,3695140,165,0.350908,PASS,0,0
74125633332323,11,2793127,124,0.305656,PASS,0,0
74126352333122,11,3081465,141,0.339600,PASS,0,0
74132561321231,11,3045320,128,0.315657,PASS,0,0
74132562121121,11,1657123,77,0.267016,PASS,0,0
74132562122111,11,1519665,67,0.264341,PASS,0,0
74132563131221,11,3688606,155,0.340454,PASS,0,0
74132563132112,11,3070094,137,0.330934,PASS,0,0
74136522322121,11,2406571,102,0.301021,PASS,0,0
74152363132232,11,2079315,91,0.276757,PASS,0,0
74152363133132,11,2418663,102,0.297708,PASS,0,0
74152363133222,11,2368005,107,0.304240,PASS,0,0
74152363133231,11,2443179,103,0.299486,PASS,0,0
74156322122123,11,1645686,73,0.268477,PASS,0,0
74156322122321,11,1690934,76,0.269165,PASS,0,0
74156322313223,11,2456130,105,0.295155,PASS,0,0
74156323132331,11,4054871,182,0.378510,PASS,0,0
74156323133123,11,4276680,183,0.370087,PASS,0,0
74163251121122,11,1805344,77,0.267584,PASS,0,0
74163252112211,11,1591444,68,0.256573,PASS,0,0
74163252131111,11,3448477,153,0.339808,PASS,0,0
74163253121111,11,3704314,158,0.342245,PASS,0,0
74163253131332,11,4545528,188,0.384822,PASS,0,0
74163253133132,11,1535031,72,0.261928,PASS,0,0
74163253133213,11,4715228,213,0.403252,PASS,0,0
74163253133231,11,1633452,73,0.269792,PASS,0,0
74163253332323,11,2558717,108,0.300762,PASS,0,0
74165231121212,11,1838647,78,0.262447,PASS,0,0
74165231131313,11,2958542,138,0.338593,PASS,0,0
74165231212121,11,2597544,113,0.303555,PASS,0,0
74165231313131,11,2029915,89,0.287239,PASS,0,0
74165232111212,11,1849207,79,0.273625,PASS,0,0
74165232121112,11,1908986,83,0.265915,PASS,0,0
74165232121211,11,1917524,88,0.271337,PASS,0,0
74165233111313,11,3149015,142,0.333659,PASS,0,0
74165233131113,11,4304470,181,0.373564,PASS,0,0
74165233131311,11,4534405,189,0.372063,PASS,0,0
74165233131323,11,4295675,194,0.378437,PASS,0,0
74165233132313,11,4439706,199,0.389526,PASS,0,0
74165233231313,11,2767756,119,0.301574,PASS,0,0
74213652323132,11,2124626,93,0.289481,PASS,0,0
74251633111313,11,3154666,135,0.325454,PASS,0,0
74256311321222,11,3445170,152,0.335353,PASS,0,0
74256313111232,11,5296149,243,0.426517,PASS,0,0
74265312333233,11,2444759,116,0.313706,PASS,0,0
74312652333332,11,2417156,109,0.307707,PASS,0,0
74321563311131,11,2955392,131,0.317133,PASS,0,0
74321653233323,11,2376462,108,0.291010,PASS,0,0
74325163131323,11,3531210,147,0.337066,PASS,0,0
74325612221222,11,2095567,91,0.277245,PASS,0,0
74325613121312,11,3948299,179,0.366007,PASS,0,0
74325613131212,11,4529913,213,0.399189,PASS,0,0
74325613133333,11,4406289,196,0.384250,PASS,0,0
74361253112132,11,6183943,280,0.468055,PASS,0,0
74361253211231,11,2289532,99,0.297458,PASS,0,0
74365211121221,11,1671140,78,0.282709,PASS,0,0
74365211213111,11,2136278,98,0.287090,PASS,0,0
74365211312111,11,1878932,81,0.269934,PASS,0,0
74365211313113,11,2596139,110,0.291257,PASS,0,0
74365211333111,11,2779800,123,0.313100,PASS,0,0
74365212111311,11,3398246,143,0.331257,PASS,0,0
74365212222323,11,1625418,71,0.261034,PASS,0,0
74365212333332,11,2120604,94,0.289615,PASS,0,0
74365213111211,11,4467753,192,0.391994,PASS,0,0
74365213121333,11,3346262,172,0.354041,PASS,0,0
74512361322233,11,2294266,102,0.291611,PASS,0,0
74512362313223,11,2185807,98,0.289216,PASS,0,0
74513263121222,11,2923605,127,0.317529,PASS,0,0
74521632222212,11,5127477,216,0.403837,PASS,0,0
74521633121213,11,4437731,202,0.389120,PASS,0,0
74521633121312,11,4832861,203,0.391389,PASS,0,0
74521633133333,11,2510913,109,0.306339,PASS,0,0
74521633333313,11,5417965,226,0.424057,PASS,0,0
74523611121113,11,2380069,107,0.298206,PASS,0,0
74523611131112,11,3065305,137,0.322045,PASS,0,0
74523611213111,11,2581763,120,0.310897,PASS,0,0
74523611312111,11,2651267,112,0.299230,PASS,0,0
74523612111311,11,2607477,115,0.301087,PASS,0,0
74523613111211,11,2593244,111,0.304859,PASS,0,0
74532163123223,11,2910330,130,0.312139,PASS,0,0
74561231111222,11,1931330,86,0.269568,PASS,0,0
74561232111113,11,3206302,143,0.324244,PASS,0,0
74561232221111,11,2202846,96,0.281241,PASS,0,0
74561233111112,11,3492984,162,0.347538,PASS,0,0
74561233131233,11,2665629,118,0.314386,PASS,0,0
74561233233323,11,3825822,164,0.361667,PASS,0,0
74561233311233,11,2139043,91,0.271671,PASS,0,0
74561233321133,11,1484318,64,0.252000,PASS,0,0
74561233321313,11,3219515,147,0.341363,PASS,0,0
74563211232332,11,2796400,121,0.306746,PASS,0,0
74653213133222,11,3220625,137,0.327660,PASS,0,0
75132463233233,11,3115933,130,0.319306,PASS,0,0
75143263231313,11,2664893,117,0.313789,PASS,0,0
75146321323331,11,2533113,116,0.315740,PASS,0,0
75213642223133,11,2810350,124,0.323202,PASS,0,0
75231463211123,11,4159441,185,0.370154,PASS,0,0
75234161322233,11,2265491,106,0.295803,PASS,0,0
75234162221111,11,2582430,110,0.309342,PASS,0,0
75236143213232,11,2599830,116,0.315908,PASS,0,0
75241632222323,11,2198272,96,0.295551,PASS,0,0
75243162211322,11,4597525,190,0.389715,PASS,0,0
75243611113232,11,2362987,107,0.294230,PASS,0,0
75243613213232,11,2529267,107,0.293468,PASS,0,0
75246131333312,11,2720060,116,0.307647,PASS,0,0
75246311111111,11,6068812,276,0.462788,PASS,0,0
75246313212311,11,2893012,133,0.330967,PASS,0,0
75246313312211,11,3397946,152,0.340068,PASS,0,0
75246313332332,11,2543158,108,0.294043,PASS,0,0
75261432123233,11,2814482,118,0.305455,PASS,0,0
75264132121232,11,1900667,83,0.267239,PASS,0,0
75264132223331,11,2071743,89,0.281996,PASS,0,0
75264132321212,11,1765182,77,0.260756,PASS,0,0
75264133121333,11,2646374,111,0.298246,PASS,0,0
75264133331213,11,3726187,169,0.353389,PASS,0,0
75264311223122,11,2455195,107,0.300553,PASS,0,0
75264313231112,11,3684512,167,0.357089,PASS,0,0
75312463333133,11,4915081,204,0.394779,PASS,0,0
75314621133221,11,3224692,136,0.315920,PASS,0,0
75314621313212,11,7921942,363,0.554001,PASS,0,0
75314623113122,11,2632475,117,0.306918,PASS,0,0
75316241231231,11,2177045,98,0.283022,PASS,0,0
75321461311112,11,4919026,207,0.397210,PASS,0,0
75321463132121,11,2503896,107,0.294169,PASS,0,0
75346122133133,11,1675922,72,0.271561,PASS,0,0
75346211133122,11,3397253,152,0.343269,PASS,0,0
75346211211311,11,3364712,151,0.349501,PASS,0,0
75346211311211,11,3666849,156,0.353387,PASS,0,0
75346212323333,11,2201453,98,0.293019,PASS,0,0
75346213112132,11,2547811,109,0.311217,PASS,0,0
75346213132121,11,2815025,127,0.310965,PASS,0,0
75346213132322,11,2825642,125,0.315891,PASS,0,0
75346213332122,11,2453306,108,0.300628,PASS,0,0
75412631223332,11,2847237,127,0.312375,PASS,0,0
75416323232213,11,2594556,112,0.299500,PASS,0,0
75431263133213,11,3371773,147,0.334351,PASS,0,0
75462132123212,11,2678346,114,0.309630,PASS,0,0
75613243131332,11,3332826,143,0.332778,PASS,0,0
75613243133213,11,3961608,166,0.350031,PASS,0,0
75634123323122,11,2511058,112,0.299354,PASS,0,0
75641323232111,11,2341827,98,0.289295,PASS,0,0
75642132213311,11,2591727,112,0.294308,PASS,0,0
76123453233323,11,2134118,94,0.280863,PASS,0,0
76125343333133,11,3662496,163,0.346383,PASS,0,0
76143252131312,11,2666289,115,0.302364,PASS,0,0
76143252221222,11,2447544,106,0.300211,PASS,0,0
76143253131212,11,4736041,215,0.415822,PASS,0,0
76143253331333,11,1912063,85,0.282695,PASS,0,0
76143253333313,11,3498674,148,0.344750,PASS,0,0
76145231121113,11,3631347,161,0.349241,PASS,0,0
76145231122112,11,3339089,140,0.332986,PASS,0,0
76145231131112,11,3933824,175,0.363971,PASS,0,0
76145231221112,11,3424189,145,0.333145,PASS,0,0
76145231311331,11,1727252,79,0.274385,PASS,0,0
76145232123332,11,1700012,74,0.256470,PASS,0,0
76145232233213,11,2624802,119,0.317037,PASS,0,0
76145232331313,11,3140758,141,0.343226,PASS,0,0
76145232332213,11,3006649,132,0.320506,PASS,0,0
76145233133213,11,2552665,111,0.299425,PASS,0,0
76145233232333,11,2855441,127,0.316033,PASS,0,0
76154323333112,11,2757127,119,0.314995,PASS,0,0
76213543213133,11,3363782,142,0.341776,PASS,0,0
76213543311332,11,2372259,100,0.289773,PASS,0,0
76215341231231,11,1900743,83,0.270145,PASS,0,0
76215433333133,11,4142647,192,0.390438,PASS,0,0
76231451123111,11,4913598,207,0.398938,PASS,0,0
76245311121131,11,3744415,156,0.344339,PASS,0,0
76245311131121,11,2862027,129,0.320635,PASS,0,0
76245311213312,11,4007422,168,0.349146,PASS,0,0
76245312132131,11,1944334,85,0.275028,PASS,0,0
76245313122122,11,2599375,110,0.297813,PASS,0,0
76245313123121,11,1895395,83,0.272591,PASS,0,0
76253141123132,11,3931137,166,0.348799,PASS,0,0
76253141211332,11,3512113,159,0.352126,PASS,0,0
76253413322312,11,2138770,91,0.273756,PASS,0,0
76254133311323,11,3153815,143,0.341201,PASS,0,0
76254313211111,11,5010115,207,0.387770,PASS,0,0
76312452212111,11,3460009,145,0.333638,PASS,0,0
76312453211111,11,2845947,128,0.325784,PASS,0,0
76312453311311,11,2356392,105,0.293857,PASS,0,0
76312542321212,11,1804118,81,0.276099,PASS,0,0
76312542322121,11,1689781,77,0.268076,PASS,0,0
76312543322222,11,3128454,133,0.332952,PASS,0,0
76315241112113,11,2906464,127,0.314100,PASS,0,0
76315241113112,11,2707935,116,0.299235,PASS,0,0
76315241223113,11,2178052,97,0.293137,PASS,0,0
76315241322122,11,1845759,82,0.269979,PASS,0,0
76315241323313,11,2773832,116,0.311443,PASS,0,0
76315241332112,11,2081999,91,0.273001,PASS,0,0
76315243211231,11,2123622,97,0.289254,PASS,0,0
76315243323323,11,2224231,102,0.297434,PASS,0,0
76321452122123,11,1711454,73,0.257950,PASS,0,0
76321452122321,11,1757057,75,0.268912,PASS,0,0
76321452122333,11,1987967,87,0.280994,PASS,0,0
76321452123323,11,2277420,100,0.288099,PASS,0,0
76321452212231,11,2804180,122,0.308256,PASS,0,0
76321452213122,11,2832322,125,0.316109,PASS,0,0
76321453233131,11,1802140,77,0.266471,PASS,0,0
76321453311233,11,4042620,183,0.366083,PASS,0,0
76321453313312,11,3155905,134,0.332470,PASS,0,0
76321453321133,11,2758455,125,0.315355,PASS,0,0
76321453323311,11,3180472,134,0.331722,PASS,0,0
76321542211112,11,3163352,135,0.332736,PASS,0,0
76321543211111,11,3417595,151,0.338431,PASS,0,0
76321543311131,11,2630238,112,0.312075,PASS,0,0
76324151112233,11,2287664,104,0.297402,PASS,0,0
76324151112323,11,2698372,114,0.302159,PASS,0,0
76324153323122,11,2154294,95,0.280416,PASS,0,0
76325411111213,11,2929797,123,0.309568,PASS,0,0
76325411111312,11,4886601,208,0.388057,PASS,0,0
76325411112131,11,3250619,149,0.343626,PASS,0,0
76325411113121,11,2521074,108,0.296827,PASS,0,0
76325411122121,11,1863216,79,0.264111,PASS,0,0
76325411331311,11,2210864,98,0.291485,PASS,0,0
76325412112121,11,2489038,105,0.290122,PASS,0,0
76325412231212,11,3771234,167,0.359174,PASS,0,0
76325412333233,11,2183242,96,0.285728,PASS,0,0
76325413222223,11,2244909,101,0.298367,PASS,0,0
76341251111213,11,3237688,148,0.338543,PASS,0,0
76341251111312,11,3677142,166,0.362714,PASS,0,0
76341251112131,11,3333753,139,0.329199,PASS,0,0
76341251113121,11,3542346,150,0.347886,PASS,0,0
76341251221121,11,2215856,96,0.281107,PASS,0,0
76341251311313,11,2412196,105,0.294085,PASS,0,0
76341252232313,11,2328013,100,0.292032,PASS,0,0
76341252323333,11,1706061,75,0.268863,PASS,0,0
76341253221212,11,3502847,154,0.348440,PASS,0,0
76341253233131,11,1865721,81,0.265774,PASS,0,0
76342511111231,11,2531298,112,0.315647,PASS,0,0
76342511111321,11,3031338,129,0.314950,PASS,0,0
76342511323112,11,1977301,88,0.283730,PASS,0,0
76342512232223,11,2155385,92,0.281468,PASS,0,0
76342513213112,11,3675222,165,0.360346,PASS,0,0
76342513322111,11,2782907,119,0.310137,PASS,0,0
76342513323122,11,2654039,111,0.291732,PASS,0,0
76342513323212,11,2426215,104,0.298903,PASS,0,0
76345122211112,11,3071437,132,0.321345,PASS,0,0
76345122211121,11,2824149,126,0.314049,PASS,0,0
76345122213311,11,2556112,119,0.315204,PASS,0,0
76345122311111,11,3002984,126,0.312445,PASS,0,0
76345123211111,11,2615812,113,0.302733,PASS,0,0
76345123311113,11,2926851,123,0.316808,PASS,0,0
76345123311131,11,2662591,116,0.300637,PASS,0,0
76345123312211,11,2256050,98,0.289528,PASS,0,0
76351421112323,11,3088490,135,0.333175,PASS,0,0
76351421113322,11,2113271,95,0.293530,PASS,0,0
76351423321232,11,1827617,84,0.289960,PASS,0,0
76354121121212,11,1888185,80,0.271219,PASS,0,0
76354121122121,11,1650210,71,0.258192,PASS,0,0
76354121311313,11,1848290,86,0.282082,PASS,0,0
76354121313131,11,2092398,94,0.281631,PASS,0,0
76354122111212,11,1772560,78,0.267936,PASS,0,0
76354122112121,11,1798464,83,0.281458,PASS,0,0
76354122212222,11,3729762,161,0.348592,PASS,0,0
76354123211123,11,3064262,132,0.320264,PASS,0,0
76354123211132,11,2809411,118,0.317284,PASS,0,0
76354123313333,11,4844885,206,0.393805,PASS,0,0
76354212213323,11,2243787,99,0.288039,PASS,0,0
76354212312233,11,3110014,137,0.332825,PASS,0,0
76354212313322,11,3005877,126,0.316443,PASS,0,0
76354212333332,11,2136595,92,0.282125,PASS,0,0
76354213222223,11,2090052,93,0.288332,PASS,0,0
76354213312223,11,2934162,132,0.322738,PASS,0,0
76421351131121,11,2166373,100,0.295279,PASS,0,0
76512343213313,11,3953690,180,0.367355,PASS,0,0
76512343332311,11,3461692,148,0.331368,PASS,0,0
76514321112323,11,2643486,111,0.302394,PASS,0,0
76514321232113,11,2982208,134,0.330283,PASS,0,0
76521433232333,11,2327644,105,0.301698,PASS,0,0
76523413223231,11,2599980,111,0.307421,PASS,0,0
76524313331222,11,2854851,134,0.320993,PASS,0,0
76541232131213,11,4652066,212,0.399596,PASS,0,0
76541232221222,11,4438727,186,0.387714,PASS,0,0
76541233121213,11,4692989,202,0.404990,PASS,0,0
76541233331333,11,4210449,187,0.371244,PASS,0,0
76541233333313,11,2840452,120,0.307728,PASS,0,0
76543211111111,11,5903779,271,0.466675,PASS,0,0
76543211212112,11,2718872,123,0.307552,PASS,0,0
76543211223221,11,2411131,110,0.309243,PASS,0,0
76543211332331,11,2727186,117,0.306885,PASS,0,0
76543211333333,11,2396036,103,0.300317,PASS,0,0
76543212132323,11,1676717,79,0.278207,PASS,0,0
76543212222221,11,2480463,110,0.299384,PASS,0,0
76543212323213,11,1708580,76,0.265811,PASS,0,0
76543213113131,11,2152025,93,0.282602,PASS,0,0
